id,first_name,last_name,email,gender,phone_number,country,city,address
1,Milly,Tabbitt,mtabbitt0@dailymail.co.uk,Female,6153749956,Finland,Nurmijärvi,3 Grayhawk Hill
2,Franky,Thundercliffe,fthundercliffe1@addtoany.com,Male,1316992883,Indonesia,Rawa Satu,026 Maple Crossing
3,Ashia,Kydde,akydde2@php.net,Female,4187494815,China,Chatou,37779 Wayridge Drive
4,Teressa,Spykins,tspykins3@e-recht24.de,Female,9773568604,Hong Kong,Yuen Long Kau Hui,4046 Johnson Drive
5,Eddie,Dinwoodie,edinwoodie4@nytimes.com,Male,6641005647,Niger,Tahoua,068 Warrior Plaza
6,Chad,Allan,callan5@whitehouse.gov,Female,8376320289,Peru,Tamarindo,78477 Dayton Hill
7,Garrek,Gault,ggault6@networksolutions.com,Male,4595664817,China,Hali,7 Grayhawk Parkway
8,Dun,Bartolommeo,dbartolommeo7@si.edu,Male,3842328062,Poland,Kutno,95055 Prairieview Terrace
9,Tyson,O'Rourke,torourke8@canalblog.com,Male,8926066345,China,Jiangtun,138 Northland Lane
10,Gradeigh,Collett,gcollett9@eepurl.com,Non-binary,8701031795,Czech Republic,Jirny,5 Jay Parkway
11,Raychel,Le Quesne,rlequesnea@qq.com,Female,1959966306,Kiribati,Tabwakea Village,39715 Logan Place
12,Kevan,Mosson,kmossonb@taobao.com,Male,6911075149,China,Qingkenpao,1 Fremont Plaza
13,Cornall,Syers,csyersc@domainmarket.com,Male,7332047354,France,Pont-Audemer,3523 Everett Drive
14,Archer,Corpes,acorpesd@thetimes.co.uk,Male,6215431812,China,Yuxi,70199 Messerschmidt Park
15,Gabi,Yarn,gyarne@nyu.edu,Male,9989228352,Mexico,Ejidal,68717 Canary Way
16,Silvia,Chetwin,schetwinf@e-recht24.de,Female,3573938091,Czech Republic,Sadov,13 Roxbury Street
17,Cliff,Kippen,ckippeng@reverbnation.com,Male,2678865767,Portugal,Antas,886 Rutledge Plaza
18,Vida,Fetherstonhaugh,vfetherstonhaughh@nhs.uk,Female,6362312339,Democratic Republic of the Congo,Mweka,62 West Parkway
19,Joletta,Lyon,jlyoni@howstuffworks.com,Female,8655912699,Argentina,Morón,62323 Gulseth Circle
20,Terrell,Tesche,tteschej@drupal.org,Male,2644551887,Serbia,Svilajnac,65619 Thackeray Pass
21,Giff,Jobbins,gjobbinsk@t.co,Male,9931161574,China,Altan Emel,2 Crescent Oaks Circle
22,Kat,Ivanyushin,kivanyushinl@apache.org,Female,7791274888,Philippines,Tayug,7858 Armistice Lane
23,Huntlee,Trotton,htrottonm@icq.com,Male,2324468871,China,Toupi,0756 Merchant Lane
24,Graehme,Medd,gmeddn@plala.or.jp,Male,6804029263,Brazil,Itapetininga,77 Reinke Circle
25,Tabbitha,McBeth,tmcbetho@ca.gov,Female,3739903619,Portugal,Lagoa,98 Fulton Crossing
26,Rosamond,Feander,rfeanderp@ibm.com,Female,2409009232,Portugal,Olival,27169 Pearson Crossing
27,Georgi,Divisek,gdivisekq@spiegel.de,Male,5814506065,China,Haliut,49449 Maryland Drive
28,Roma,Twede,rtweder@cbslocal.com,Male,2071032087,China,Dongmaku,6 Killdeer Lane
29,Pincus,Brackley,pbrackleys@bravesites.com,Male,5414449077,Thailand,Saba Yoi,10275 Declaration Court
30,Robin,Kershaw,rkershawt@msu.edu,Male,9645947441,Russia,Ladushkin,4416 Stone Corner Crossing
31,Korry,Crimmins,kcrimminsu@mail.ru,Female,6077981901,China,Cuozheqiangma,7 Ramsey Trail
32,Kermie,Cust,kcustv@sohu.com,Male,3555774163,China,Tangzhuang,0 Mandrake Hill
33,Rivy,Astles,rastlesw@chron.com,Female,6896741159,Indonesia,Werangere,84204 Eggendart Circle
34,Priscella,Blamires,pblamiresx@businesswire.com,Female,3895392162,Philippines,Margen,81 Bunting Center
35,Fredi,Sparrow,fsparrowy@un.org,Female,7013466294,Brazil,Parelhas,8 Nevada Junction
36,Brana,Pinare,bpinarez@cloudflare.com,Female,9228806909,Brazil,Coruripe,35 Briar Crest Hill
37,Margalit,Thame,mthame10@mail.ru,Female,9368070815,China,Qingguang,1011 Sage Alley
38,Son,Ceaser,sceaser11@fema.gov,Male,3295587903,Argentina,General Pico,81 Kennedy Way
39,Willamina,Staden,wstaden12@google.co.uk,Female,9385523344,China,Moguqi,7 Sunfield Parkway
40,Mace,Tomovic,mtomovic13@devhub.com,Male,2066672716,Nigeria,Konkwesso,592 Cottonwood Pass
41,Carly,Nassi,cnassi14@skyrock.com,Male,7912266155,Philippines,Pinamalayan,942 Mesta Junction
42,Jacques,Dodshon,jdodshon15@webmd.com,Male,5181320392,Uzbekistan,Salor,1 Sachs Terrace
43,Ginnie,MacCarroll,gmaccarroll16@rambler.ru,Female,4723698669,China,Yaqian,51 6th Street
44,Alida,Podd,apodd17@networksolutions.com,Female,3353441039,Philippines,Dugongan,84781 Spohn Crossing
45,Preston,Pickover,ppickover18@china.com.cn,Male,4121167693,Sweden,Åstorp,19 Thompson Street
46,Shadow,Itzkovsky,sitzkovsky19@craigslist.org,Male,3168458939,Senegal,Joal-Fadiout,8727 Gina Place
47,Boote,Landa,blanda1a@howstuffworks.com,Male,4438517174,France,Noyal-sur-Vilaine,990 Barby Drive
48,Abbey,Vickors,avickors1b@networksolutions.com,Male,9261494281,Russia,Slyudyanka,428 Red Cloud Center
49,Cosmo,Abels,cabels1c@cargocollective.com,Male,7084564131,France,Mitry-Mory,64 Granby Street
50,Tristam,Castella,tcastella1d@cisco.com,Male,1311695207,Guatemala,San Pedro Carchá,502 Redwing Point
51,Erick,Zammitt,ezammitt1e@youtu.be,Male,1353533450,Guatemala,Concepción,162 Goodland Terrace
52,Spencer,Jorat,sjorat1f@bloomberg.com,Non-binary,1316325229,Portugal,Ramalhal,75447 Memorial Terrace
53,Robinetta,Coulthart,rcoulthart1g@yale.edu,Female,2082676301,Ireland,Donabate,348 Debra Trail
54,Ernie,McCrory,emccrory1h@wikimedia.org,Male,1287021432,Greece,Eloúnda,4446 Grayhawk Parkway
55,Kassia,Blakebrough,kblakebrough1i@weebly.com,Genderfluid,5029617160,United States,Louisville,37196 Mcbride Terrace
56,Denis,Dooland,ddooland1j@ihg.com,Male,7659024151,Russia,Valerik,64 Myrtle Way
57,Kissie,Taft,ktaft1k@spotify.com,Female,6033339031,Indonesia,Karangpawitan,3 Eastwood Pass
58,Emogene,Vondrak,evondrak1l@pcworld.com,Female,4308120809,Poland,Tyszowce,211 Sheridan Place
59,Erhart,Lepard,elepard1m@yelp.com,Male,8324468865,Japan,Suwa,07779 Ridgeview Court
60,Prince,Mercer,pmercer1n@ft.com,Male,3791346874,China,Lingdi,51817 Clove Street
61,Alix,Edson,aedson1o@tripadvisor.com,Female,8508451404,Poland,Rogowo,5 Bunker Hill Center
62,Emilio,Evetts,eevetts1p@gizmodo.com,Male,8968854170,Nigeria,Suya,615 Schlimgen Center
63,Westley,Rooms,wrooms1q@wikia.com,Male,5912822539,China,Qijiazuo,49874 Butterfield Alley
64,Ezmeralda,Edon,eedon1r@npr.org,Female,2973241348,China,Altunemil,4 Quincy Circle
65,Averill,Bartle,abartle1s@webs.com,Non-binary,1759544701,China,Liudong,37 Armistice Center
66,Josselyn,Twinberrow,jtwinberrow1t@example.com,Female,8068698298,Philippines,Bacuyangan,27619 Clemons Trail
67,Franklyn,Spivie,fspivie1u@w3.org,Male,1924010810,China,Erhe,08085 Chinook Avenue
68,Tim,Boundley,tboundley1v@icio.us,Male,3844042305,China,Changhe,37057 Towne Court
69,Jedd,Pybus,jpybus1w@tamu.edu,Male,7026824947,Russia,Otradnoye,67211 Chive Avenue
70,Willie,Pillington,wpillington1x@themeforest.net,Genderqueer,4196765959,Czech Republic,Hodkovičky,4304 Clove Way
71,Lizbeth,Hammant,lhammant1y@narod.ru,Female,4307889019,Lebanon,Sîr ed Danniyé,10 Northport Court
72,Loren,Shepard,lshepard1z@cafepress.com,Male,5705728329,Botswana,Botlhapatlou,8262 Farragut Trail
73,Willyt,Grocutt,wgrocutt20@imageshack.us,Female,5884994171,Oman,Bidbid,525 Towne Parkway
74,Alberto,Hedingham,ahedingham21@dropbox.com,Agender,6706495928,Sweden,Solna,034 Logan Place
75,Mitchael,Klimuk,mklimuk22@patch.com,Male,1809252029,Czech Republic,Horní Libina,601 Mockingbird Alley
76,Katrina,Merton,kmerton23@mapy.cz,Female,1209131243,Russia,Nizhniy Dzhengutay,1029 Barnett Alley
77,Iggie,Jelkes,ijelkes24@pagesperso-orange.fr,Male,2657818174,Sweden,Kvänum,51168 Lotheville Parkway
78,Lianna,Sansome,lsansome25@histats.com,Female,8747934849,Philippines,Atok,2867 Hallows Court
79,Matthaeus,Dearing,mdearing26@wisc.edu,Male,5611640994,Norway,Bergen,35 Raven Avenue
80,Marie-jeanne,Lydiard,mlydiard27@gov.uk,Female,5038080801,China,Shuangqiaoping,7 Jay Drive
81,Sibby,Chidwick,schidwick28@altervista.org,Female,4555442560,Belarus,Khalopyenichy,4 Birchwood Street
82,Bowie,Tulleth,btulleth29@sitemeter.com,Agender,2195266164,Tanzania,Mlimba,24 Emmet Drive
83,Sharleen,Drake,sdrake2a@delicious.com,Female,2447930602,Venezuela,El Cafetal,914 Banding Road
84,Ferd,Moffett,fmoffett2b@1688.com,Male,8049441600,China,Taoxi,95187 Namekagon Park
85,Quintus,Huie,qhuie2c@tripod.com,Male,8041919278,China,Lushan,0328 High Crossing Parkway
86,Sybila,Ghelerdini,sghelerdini2d@google.it,Female,4935154450,Philippines,Tambalisa,73 Little Fleur Park
87,Bettye,Mitchinson,bmitchinson2e@dyndns.org,Female,3585277831,Indonesia,Nihaona,32931 Gerald Way
88,Page,Caccavella,pcaccavella2f@npr.org,Male,6327638950,Poland,Rogowo,3 Donald Crossing
89,Hirsch,Newvill,hnewvill2g@ezinearticles.com,Male,8622897518,Argentina,Gobernador Ingeniero Valentín Virasoro,047 Scofield Hill
90,Stephie,Finicj,sfinicj2h@kickstarter.com,Female,9017463382,China,Zhoukou,96 Clyde Gallagher Lane
91,Esmaria,Dymoke,edymoke2i@macromedia.com,Female,7938430146,South Korea,Chinju,9 Dexter Junction
92,Muire,Pargetter,mpargetter2j@networkadvertising.org,Female,7675391412,Philippines,Pulong Sampalok,0429 West Terrace
93,Kerrie,Robelet,krobelet2k@furl.net,Female,9002769886,Madagascar,Arivonimamo,6 Randy Alley
94,Jamal,de Aguirre,jdeaguirre2l@webnode.com,Male,4065755777,China,Zhexiao,71151 Farmco Street
95,Clayton,Guiso,cguiso2m@japanpost.jp,Male,6784206712,Czech Republic,Srubec,6 Banding Trail
96,Kaycee,Humbey,khumbey2n@boston.com,Bigender,1549785054,Mexico,San Antonio,20683 Gina Center
97,Garrott,Lamont,glamont2o@sina.com.cn,Male,4108036737,Syria,Satita,9629 Packers Park
98,Knox,Dunne,kdunne2p@macromedia.com,Male,7118443173,Sweden,Linköping,251 Westport Junction
99,Pammie,Wiskar,pwiskar2q@flavors.me,Female,7933586580,Indonesia,Rokem Barat,80 Washington Lane
100,Reade,Headey,rheadey2r@telegraph.co.uk,Male,5641036276,Indonesia,Luan Balu,4 Almo Center
101,Sherlocke,Birch,sbirch2s@acquirethisname.com,Male,1272240548,Canada,Ferme-Neuve,22982 Nova Point
102,Farrel,Hollows,fhollows2t@timesonline.co.uk,Male,3864205623,Indonesia,Banjar Asahduren,1 Claremont Trail
103,Kin,Tewes,ktewes2u@e-recht24.de,Male,6207075568,China,Meijiang,61061 Norway Maple Street
104,Cross,Inmett,cinmett2v@weather.com,Male,8424631400,Indonesia,Jember,4 Bowman Place
105,Hubert,Oliver-Paull,holiverpaull2w@feedburner.com,Male,6776402968,Poland,Wesoła,67 Lakewood Park
106,Anselm,Puckinghorne,apuckinghorne2x@aol.com,Male,7041762052,Slovenia,Gotovlje,7782 Bluejay Park
107,Templeton,Brotherhood,tbrotherhood2y@discovery.com,Male,6912657190,Canada,Alma,44279 Marquette Point
108,Curtice,Jessen,cjessen2z@msn.com,Male,3483515218,China,Xiayunling,9433 Gale Place
109,Cliff,Ferby,cferby30@feedburner.com,Male,6669904996,Palestinian Territory,‘Ibwayn,76319 Lindbergh Drive
110,Virgil,Antognetti,vantognetti31@miitbeian.gov.cn,Male,8334450795,Portugal,Lamas,94893 Stephen Lane
111,Catharine,Osbourn,cosbourn32@sitemeter.com,Female,6343113043,Brazil,Coxim,325 Spohn Road
112,Domenic,Cattach,dcattach33@nba.com,Male,1565111920,China,Huancheng,0495 Pond Junction
113,Ebonee,Armin,earmin34@1688.com,Female,6833640301,Nigeria,Bokani,4 Vidon Court
114,Edik,Pennoni,epennoni35@oaic.gov.au,Male,8981541914,Portugal,Murça,4 Stang Circle
115,Kalindi,Cornick,kcornick36@epa.gov,Female,1337998647,Poland,Kowala,00069 Mitchell Alley
116,Marcela,Simoncini,msimoncini37@ow.ly,Female,2567772140,China,Banjing,5 Hauk Park
117,Caroline,Buttwell,cbuttwell38@chron.com,Female,5632249406,Indonesia,Panghadangan,205 Texas Drive
118,Danni,Naptine,dnaptine39@skyrock.com,Female,5915952835,Nigeria,Bauchi,66 Gulseth Road
119,Liza,Chazotte,lchazotte3a@eventbrite.com,Female,6867507020,Rwanda,Nzega,6 Independence Pass
120,Lorant,Strethill,lstrethill3b@usgs.gov,Male,4296838387,Falkland Islands,Stanley,8 Lillian Street
121,Martguerita,Maliffe,mmaliffe3c@parallels.com,Female,3963146968,France,Belfort,7 Shasta Street
122,Trenna,Leinster,tleinster3d@nps.gov,Female,7619930379,France,Montpellier,34319 Russell Pass
123,Vi,Fortin,vfortin3e@nature.com,Female,1506646350,Indonesia,Tabanan,6 Clyde Gallagher Terrace
124,Shaylah,Betho,sbetho3f@ibm.com,Female,7754093003,Tanzania,Nkove,055 Fairview Plaza
125,Herbert,Mathiot,hmathiot3g@umich.edu,Male,3678032964,Colombia,Líbano,250 Portage Park
126,Vinny,Scriven,vscriven3h@tinyurl.com,Genderqueer,1075009331,Canada,Marieville,25012 Hooker Trail
127,Nikki,Highwood,nhighwood3i@jugem.jp,Female,1631407827,Israel,Sājūr,00 Towne Plaza
128,Bryn,Zambonini,bzambonini3j@ustream.tv,Male,8107800614,Slovenia,Koroška Bela,8 Starling Hill
129,Pansy,Blunden,pblunden3k@wix.com,Female,6635343068,Poland,Węgry,2 Talmadge Center
130,Austin,Dines,adines3l@jugem.jp,Female,8394822270,Brazil,Santa Maria,1982 Waubesa Court
131,Florette,Fransinelli,ffransinelli3m@netlog.com,Non-binary,1113956398,Russia,Strogino,83 Pleasure Way
132,Ophelia,Jakubovicz,ojakubovicz3n@huffingtonpost.com,Female,3265940915,Albania,Cukalat,40 La Follette Point
133,Moises,Carlton,mcarlton3o@instagram.com,Male,4469534800,Poland,Nowe Miasto,860 Shelley Trail
134,Saxe,Manning,smanning3p@wunderground.com,Male,8489782030,Philippines,San Vicente,2724 Ryan Pass
135,Nissy,Shelsher,nshelsher3q@hostgator.com,Female,7631636166,Peru,Saño,071 Transport Trail
136,Hamil,Gottelier,hgottelier3r@mtv.com,Male,7857159456,China,Xieba,848 Waubesa Avenue
137,Kippy,Schaffel,kschaffel3s@vinaora.com,Female,7489623174,Vietnam,Thị Trấn Phước Bửu,19328 Hermina Circle
138,Lorinda,Laimable,llaimable3t@purevolume.com,Female,9794416529,Nepal,Banepa,6003 Arapahoe Court
139,Jenna,Durrington,jdurrington3u@deliciousdays.com,Female,2544245675,Philippines,Irahuan,39 Buena Vista Street
140,Christiana,Maurice,cmaurice3v@technorati.com,Female,9124410789,France,Taverny,3343 Farragut Circle
141,Gram,Basketter,gbasketter3w@utexas.edu,Male,4024066934,United States,Lincoln,5 Northwestern Way
142,Kipper,Vernazza,kvernazza3x@ask.com,Male,4904857266,Paraguay,Villa Elisa,10620 Maple Drive
143,Patsy,McGorley,pmcgorley3y@instagram.com,Female,9079191004,United States,Fairbanks,1 Sutherland Trail
144,Randie,Ales0,rales3z@livejournal.com,Female,9119816714,Russia,Rutul,082 Memorial Lane
145,Tyrone,Restorick,trestorick40@columbia.edu,Non-binary,4849202160,China,Qilong,66 Grim Lane
146,Anetta,Fache,afache41@blogger.com,Female,6265595128,Tanzania,Lindi,34478 Canary Avenue
147,Hogan,Boltwood,hboltwood42@ebay.com,Male,3035338371,Philippines,Buenlag,73 Meadow Vale Hill
148,Poul,Darell,pdarell43@youtu.be,Male,1338733624,China,Qiying,32563 Burning Wood Drive
149,Jody,Oller,joller44@walmart.com,Female,1469454273,China,Hengpi,5 Kings Crossing
150,Murial,Davage,mdavage45@icio.us,Female,1083751878,Kenya,Maralal,9606 Old Gate Point
151,Harland,Eckert,heckert46@china.com.cn,Male,8017206059,Brazil,Itororó,27 Eastlawn Pass
152,Wallas,D'Aubney,wdaubney47@odnoklassniki.ru,Male,5128505500,Spain,Toledo,306 Atwood Junction
153,Peirce,Lillow,plillow48@blog.com,Male,9125421397,Indonesia,Maronge,76 Nova Center
154,Desiree,Crothers,dcrothers49@apache.org,Female,8362136144,Philippines,Caronoan West,86 Dakota Street
155,Jemmie,MacLeese,jmacleese4a@blogspot.com,Female,4854434231,Russia,Ivanishchi,4136 Gulseth Plaza
156,Tonnie,Giorgione,tgiorgione4b@comsenz.com,Male,7183574465,Bulgaria,Berkovitsa,358 Butterfield Parkway
157,Milicent,Pyott,mpyott4c@reference.com,Female,2203989182,Mauritius,Bambous Virieux,77 Waywood Drive
158,Corina,Kebell,ckebell4d@nbcnews.com,Female,6742899298,Japan,Obanazawa,19107 Schlimgen Park
159,Florentia,Danielski,fdanielski4e@yelp.com,Female,2318465938,France,Saint-Quentin-Fallavier,61 Fairfield Lane
160,Aubine,Hrynczyk,ahrynczyk4f@mit.edu,Female,3358332257,Indonesia,Ketara,56 Northridge Crossing
161,Kimble,Coppard,kcoppard4g@wix.com,Male,9742229502,Portugal,Sezures,90 Steensland Circle
162,Rowan,Cotilard,rcotilard4h@columbia.edu,Male,2524277958,Netherlands,Oss,50350 Ridge Oak Crossing
163,Oralie,Arboine,oarboine4i@bloglovin.com,Female,4584584873,Slovenia,Lipovci,37322 Rieder Terrace
164,Anabella,Tolland,atolland4j@behance.net,Female,2406530376,Japan,Hirara,90 Bartelt Way
165,Dulcinea,Kropach,dkropach4k@mozilla.com,Female,8723664542,Vietnam,Chư Ty,044 Luster Pass
166,Shirlene,Arndt,sarndt4l@discovery.com,Female,6873721282,Indonesia,Argasari,0182 East Road
167,Gilly,Cowlishaw,gcowlishaw4m@skype.com,Female,6747988946,Poland,Limanowa,408 Pleasure Trail
168,Sascha,Veysey,sveysey4n@amazon.de,Female,5269747936,Brazil,Maracaju,29564 Pawling Crossing
169,Aimee,Pashley,apashley4o@bizjournals.com,Female,5677337214,Indonesia,Masjid,93526 Eastlawn Parkway
170,Gustaf,Ranscome,granscome4p@macromedia.com,Polygender,6844157017,Argentina,Punta Alta,79369 Utah Way
171,Cletis,Rewcassell,crewcassell4q@yahoo.co.jp,Male,3192516437,China,Qingdao,6369 Crescent Oaks Plaza
172,Ulla,Buttner,ubuttner4r@hud.gov,Female,3276157311,Sweden,Johanneshov,009 Bunker Hill Road
173,Freddi,Clute,fclute4s@networkadvertising.org,Polygender,9179524901,Haiti,Gressier,91 Sachtjen Plaza
174,Marianne,Alexandrou,malexandrou4t@toplist.cz,Female,5755310731,Russia,Kunashak,441 La Follette Alley
175,Drud,Abramin,dabramin4u@washingtonpost.com,Male,2326878792,Faroe Islands,Argir,6639 Dryden Hill
176,Gar,Eason,geason4v@prweb.com,Male,7892811741,Egypt,Al Qūşīyah,157 Northland Center
177,Sephira,Scanlan,sscanlan4w@wunderground.com,Agender,4112880507,Portugal,Ferreiras,4738 Heath Court
178,Dacy,Molloy,dmolloy4x@i2i.jp,Female,5896758295,Indonesia,Sukaraharja,5 Hovde Circle
179,Ellynn,McGarvie,emcgarvie4y@bbb.org,Female,9304123127,Uzbekistan,Quva,0 Pine View Road
180,Claresta,Marmion,cmarmion4z@netscape.com,Female,3171313864,South Sudan,Leer,95169 Jackson Place
181,Hallsy,Spendley,hspendley50@free.fr,Male,7706900610,Bulgaria,Akhtopol,9134 8th Circle
182,Jacquelyn,Sperrett,jsperrett51@freewebs.com,Female,4205365311,China,Longxi,3531 Division Point
183,Timmie,Gogie,tgogie52@umich.edu,Female,9017588758,United States,Memphis,7979 Warbler Plaza
184,Leola,McCorley,lmccorley53@sogou.com,Female,2042038410,Ireland,Arklow,7 Stephen Circle
185,Bonnibelle,Kierans,bkierans54@unblog.fr,Female,2591194912,Indonesia,Curug,87 Lerdahl Terrace
186,Anderson,Scanlon,ascanlon55@twitpic.com,Male,5314253553,Ecuador,Boca Suno,2441 Tennyson Pass
187,Aimil,Adie,aadie56@wikimedia.org,Genderqueer,1899382072,Russia,Buzdyak,212 Lyons Court
188,Chloette,Cusiter,ccusiter57@accuweather.com,Female,9328054106,Brazil,Timbó,736 Westport Point
189,Chancey,Dun,cdun58@i2i.jp,Male,7309660890,Indonesia,Krajan,9720 Steensland Junction
190,Donaugh,Tapsfield,dtapsfield59@last.fm,Male,6729049548,Portugal,Meruge,799 Express Road
191,John,Wingatt,jwingatt5a@e-recht24.de,Male,4663174089,Kenya,Athi River,3384 Daystar Alley
192,Monique,Drees,mdrees5b@ow.ly,Female,1321978303,Indonesia,Sidaharja,9 Dovetail Point
193,Junina,Crisford,jcrisford5c@diigo.com,Female,3283866867,China,Paipu,864 Mariners Cove Crossing
194,Culver,Goodfellow,cgoodfellow5d@yandex.ru,Male,9141917443,Canada,Kentville,68155 Claremont Circle
195,Wells,Sheaber,wsheaber5e@businesswire.com,Male,4191244955,United States,Toledo,31 Homewood Lane
196,Ferris,Cawson,fcawson5f@usnews.com,Male,7458347793,Greece,Kyllíni,7193 Shasta Parkway
197,Fina,Balas,fbalas5g@google.de,Female,3213110819,Sweden,Örebro,7716 Holy Cross Trail
198,Kimmi,Opie,kopie5h@soundcloud.com,Female,6308493670,Malaysia,Pulau Pinang,778 Blue Bill Park Center
199,Margareta,Darmody,mdarmody5i@is.gd,Female,4291125897,Cuba,Jimaguayú,35144 Lakewood Gardens Trail
200,Melesa,Antoniottii,mantoniottii5j@fema.gov,Female,4846969620,Philippines,Malway,3 Old Shore Hill
201,Fedora,Janek,fjanek5k@ft.com,Female,7175352192,North Korea,Samho-rodongjagu,71899 Coolidge Way
202,Geri,MacKimm,gmackimm5l@xinhuanet.com,Polygender,7018075503,China,Banqiao,50958 Blue Bill Park Circle
203,Kienan,Semour,ksemour5m@people.com.cn,Male,4309241050,Norway,Rennebu,625 Darwin Center
204,Tomasine,Blas,tblas5n@dyndns.org,Female,9244952474,Norway,Tromsø,3 Myrtle Parkway
205,Chrysler,Darbey,cdarbey5o@wp.com,Female,9883974415,France,Saint-Jean-de-Védas,8122 Melby Plaza
206,Inga,Hearsum,ihearsum5p@google.pl,Female,3699864480,Finland,Alastaro,5 Lake View Park
207,Hube,Benedicto,hbenedicto5q@qq.com,Male,3277687292,Azerbaijan,Mardakyany,2014 Ridgeview Street
208,Dexter,Drewry,ddrewry5r@xinhuanet.com,Male,3325390398,Panama,Gómez,6111 Emmet Drive
209,Brigg,Copeland,bcopeland5s@diigo.com,Genderqueer,7131764966,Argentina,Villa Regina,345 Surrey Center
210,Malorie,Husbands,mhusbands5t@dell.com,Female,2941575032,Russia,Karagay,8 Brickson Park Park
211,Austine,Dixon,adixon5u@imgur.com,Female,2755914051,Sweden,Alunda,95668 Knutson Alley
212,Ivette,Ricciardi,iricciardi5v@unblog.fr,Genderqueer,7286198238,Colombia,Urrao,56996 Fulton Crossing
213,Tamarah,Woolaghan,twoolaghan5w@joomla.org,Female,4839704367,Egypt,Port Said,77 Grim Drive
214,Hesther,Dytham,hdytham5x@umich.edu,Female,6989736720,Sweden,Kristinehamn,2110 Prairie Rose Pass
215,Nicole,Pedrocco,npedrocco5y@chronoengine.com,Female,2707212561,Norway,Fredrikstad,26 Cottonwood Pass
216,Walton,Bowyer,wbowyer5z@marriott.com,Genderqueer,9292631481,Japan,Naha-shi,25 Havey Alley
217,Gabbie,Rosenfelt,grosenfelt60@so-net.ne.jp,Female,1684121464,France,Évry,16920 Dryden Way
218,Matt,Innett,minnett61@barnesandnoble.com,Male,4027602435,China,Zhanjia,2762 Almo Park
219,Westley,Connold,wconnold62@columbia.edu,Male,1144838157,Vietnam,Nhà Bè,3 Shopko Way
220,Ron,Curthoys,rcurthoys63@devhub.com,Agender,2774502489,Pakistan,Māmu Kānjan,6 Judy Circle
221,Drusi,Keedwell,dkeedwell64@cargocollective.com,Female,6532912016,China,Xijia,6 Sundown Street
222,Urban,Dunsmuir,udunsmuir65@xing.com,Male,5109465001,Brazil,Guaíba,79405 Towne Terrace
223,Myrilla,Bradford,mbradford66@sciencedirect.com,Female,9077634001,Bhutan,Tsimasham,57266 East Plaza
224,Kelsey,Gloves,kgloves67@marriott.com,Female,1209573467,China,Taihu,45 Brown Avenue
225,Colas,McKomb,cmckomb68@marketwatch.com,Male,9046223342,Mexico,La Mesa,707 Bunting Terrace
226,Jesselyn,Alu,jalu69@chicagotribune.com,Agender,8438938370,Argentina,Chilecito,9762 Rowland Park
227,Stormy,Fallow,sfallow6a@instagram.com,Female,9376028356,Russia,Lyalichi,44270 Stephen Plaza
228,Hasheem,Souttar,hsouttar6b@ed.gov,Male,3623498155,Isle of Man,Laxey,913 Hagan Park
229,Neil,Nordass,nnordass6c@issuu.com,Male,8678719378,Portugal,Aldeia de Juzo,915 Northport Road
230,Emmett,Cottham,ecottham6d@goodreads.com,Male,3293691234,Japan,Hachiōji,10 Kipling Court
231,Doralia,Skelly,dskelly6e@plala.or.jp,Female,3432680237,Brazil,Itapipoca,6622 Park Meadow Junction
232,Lori,Scammonden,lscammonden6f@surveymonkey.com,Female,3362382349,Netherlands,Zaandam,7411 Bultman Point
233,Corby,Skacel,cskacel6g@state.gov,Male,3034695786,China,Ezhou,623 Ridge Oak Crossing
234,Bryan,Mac,bmac6h@mit.edu,Male,9614030768,Japan,Chiba,13946 Springs Drive
235,Gretna,Revans,grevans6i@csmonitor.com,Female,8023368565,Argentina,Mina Clavero,1899 Canary Place
236,Floria,Koene,fkoene6j@stanford.edu,Female,4685503426,Tuvalu,Fakaifou Village,843 Sage Hill
237,Daria,Kisting,dkisting6k@about.me,Female,1206433256,Bahamas,Cockburn Town,93 Welch Alley
238,Indira,Rushsorth,irushsorth6l@usgs.gov,Female,7235308024,Indonesia,Peukanbada,9 Birchwood Trail
239,Del,Hargreave,dhargreave6m@de.vu,Male,7896708593,Indonesia,Sangatta,26205 Continental Road
240,Lyon,Letertre,lletertre6n@weibo.com,Male,6439198551,Indonesia,Karangmulya,5368 Macpherson Drive
241,Nye,Cathersides,ncathersides6o@icio.us,Male,4086053889,Russia,Sharan,548 Hazelcrest Avenue
242,Bethany,Birts,bbirts6p@youku.com,Female,3398925570,Indonesia,Garunggang,86615 Petterle Point
243,Logan,Trusler,ltrusler6q@discuz.net,Male,5149922377,China,Dushu,67 Hintze Place
244,Rustie,Girling,rgirling6r@163.com,Male,8169802944,Sri Lanka,Unawatuna,91 Ronald Regan Pass
245,Joletta,Caesar,jcaesar6s@blogtalkradio.com,Female,5282166306,Philippines,Infanta,2181 Armistice Avenue
246,Janenna,Membry,jmembry6t@ovh.net,Genderqueer,7205183652,Botswana,Lenchwe Le Tau,9 Carioca Center
247,Louisa,Plomer,lplomer6u@mozilla.org,Female,9849124794,Brazil,Rio Negrinho,5638 Fordem Hill
248,Bev,Heaford,bheaford6v@guardian.co.uk,Genderfluid,5213373544,France,Tours,3 Hagan Point
249,Padgett,Pedreschi,ppedreschi6w@blogtalkradio.com,Male,5459223391,Chad,Dourbali,652 Harper Alley
250,Jacquette,Ervine,jervine6x@ustream.tv,Female,3303676795,Chile,La Unión,0141 Stang Circle
251,Isabella,Castan,icastan6y@mediafire.com,Female,8139958545,China,Kuandian,71 Heffernan Park
252,Radcliffe,Vink,rvink6z@shinystat.com,Male,2723684423,Venezuela,Píritu,3315 Park Meadow Junction
253,Terencio,Cristou,tcristou70@gov.uk,Male,6821865199,Finland,Harjavalta,01659 5th Point
254,Ferris,Hallmark,fhallmark71@virginia.edu,Male,3352225775,Portugal,Meia Via,34 Rutledge Hill
255,Stoddard,Konert,skonert72@economist.com,Female,8339263772,Iran,Farmahīn,89 Hoepker Junction
256,Ferris,Tearny,ftearny73@buzzfeed.com,Male,2527872484,China,Tongyuanpu,07 Anzinger Road
257,Jorry,Birtwhistle,jbirtwhistle74@deviantart.com,Female,9661273325,Brazil,Aparecida do Taboado,4 Schiller Drive
258,Linoel,Siddele,lsiddele75@webs.com,Male,1876388878,Lithuania,Mastaiciai,316 Oak Valley Park
259,Yancey,Osbourne,yosbourne76@nydailynews.com,Male,9325590712,Russia,Ob’,66 Calypso Pass
260,Thain,Barenskie,tbarenskie77@google.com.au,Male,5274329065,Czech Republic,Přibyslav,51 Cordelia Junction
261,Menard,Brugh,mbrugh78@hhs.gov,Male,9286411711,Yemen,Al Ma‘allā’,247 Ohio Road
262,Shepard,Carnew,scarnew79@walmart.com,Male,6219357034,Pakistan,Murree,0302 Swallow Lane
263,Marris,Mandal,mmandal7a@illinois.edu,Female,3949718721,China,Wuluo,7875 Amoth Plaza
264,Nicole,Blanckley,nblanckley7b@google.com.au,Female,4333230937,Russia,Krasnoye,9 Tony Court
265,Pryce,Kohn,pkohn7c@scribd.com,Male,9047967560,China,Shatian,3 Ridgeway Street
266,Brucie,Oldall,boldall7d@theatlantic.com,Male,6861633620,Indonesia,Tamansari,8 Spenser Park
267,Buffy,Adriano,badriano7e@umich.edu,Female,4807362500,Portugal,Alto do Estanqueiro,3111 Carey Drive
268,Merci,Pencost,mpencost7f@nytimes.com,Female,8372787236,Brazil,Lagoa do Itaenga,19 Valley Edge Hill
269,Laetitia,Hinsche,lhinsche7g@xing.com,Female,7801637631,Brazil,Palmas de Monte Alto,12863 Arapahoe Drive
270,Mill,Windous,mwindous7h@qq.com,Male,2013984630,Italy,Salerno,47 Ramsey Way
271,Sheilakathryn,Grassick,sgrassick7i@microsoft.com,Female,3571537573,China,Hongqiao,1 Northport Place
272,Talbert,Figgins,tfiggins7j@woothemes.com,Male,3963921039,Portugal,Zambujeira do Mar,638 Schlimgen Hill
273,Stephie,Nowick,snowick7k@omniture.com,Female,4049939166,Sweden,Huskvarna,3811 Twin Pines Drive
274,Curt,Danaher,cdanaher7l@cpanel.net,Male,1668572348,Philippines,Isulan,07889 Schiller Trail
275,Morris,Cotterell,mcotterell7m@odnoklassniki.ru,Male,7806561746,Czech Republic,Valašská Bystřice,80877 Bultman Plaza
276,Gabriel,Shute,gshute7n@slashdot.org,Male,7454026646,Jamaica,Point Hill,851 Claremont Crossing
277,Meridith,McNab,mmcnab7o@odnoklassniki.ru,Female,4955557259,Peru,Quiñota,9132 Grover Plaza
278,Tallia,Roads,troads7p@hexun.com,Female,8537692115,Cameroon,Bamenda,6786 Towne Point
279,Artemus,Blazic,ablazic7q@scientificamerican.com,Male,3919261987,Russia,Kalino,51 Lukken Trail
280,Eudora,Allardyce,eallardyce7r@state.gov,Female,8076124918,China,Zeqin,159 Milwaukee Park
281,Leonidas,Poyzer,lpoyzer7s@netscape.com,Male,8675696817,China,Chengdong,905 Rowland Circle
282,Abbey,Rodliff,arodliff7t@instagram.com,Female,4547784921,Palestinian Territory,Bil‘īn,8 Maywood Avenue
283,Andie,Blackley,ablackley7u@skyrock.com,Male,9913934375,Uganda,Jinja,7891 Mallard Center
284,Bert,Rowland,browland7v@printfriendly.com,Female,1772699183,Russia,Somovo,38080 Linden Court
285,Hakim,Corssen,hcorssen7w@npr.org,Male,8659122364,Madagascar,Anjepy,30677 Northport Point
286,Carver,Borres,cborres7x@freewebs.com,Male,3567841696,Japan,Takamatsu-shi,18 Bartillon Junction
287,Chelsie,Furmonger,cfurmonger7y@csmonitor.com,Female,4458621238,Russia,Nikol’skoye,1 Huxley Hill
288,Silvio,Myatt,smyatt7z@tinypic.com,Male,4562761337,Portugal,Raminho,1956 6th Hill
289,Rhianon,Vannini,rvannini80@de.vu,Female,6691451814,France,Montélimar,71991 Sunfield Road
290,Elnore,Dory,edory81@dedecms.com,Female,4275097754,Mexico,Hidalgo,7 Moulton Street
291,Tatiana,Bertholin,tbertholin82@woothemes.com,Female,4302806133,Poland,Pisz,2 Mccormick Park
292,Tabbitha,Boscott,tboscott83@cbslocal.com,Female,7415978328,Czech Republic,Žamberk,5 Clyde Gallagher Road
293,Merell,Velde,mvelde84@scribd.com,Male,8005795742,Malawi,Mangochi,127 Valley Edge Junction
294,Franz,Sturt,fsturt85@ifeng.com,Male,3219986071,Jordan,Karak City,046 Hanover Crossing
295,Nikita,Milbourne,nmilbourne86@icq.com,Polygender,3541542624,Russia,Staraya Kulatka,42 North Plaza
296,Gabbey,Hunt,ghunt87@vkontakte.ru,Female,1797419347,Somalia,Ceerigaabo,640 Browning Parkway
297,Raphael,Rozsa,rrozsa88@imdb.com,Male,4754341211,Malaysia,Ipoh,6026 Jenifer Park
298,Llewellyn,Buckby,lbuckby89@mayoclinic.com,Bigender,6599392496,Ukraine,Korosten’,4 Longview Way
299,Donielle,Sarll,dsarll8a@amazon.co.uk,Female,9161778059,United States,Sacramento,5 Iowa Lane
300,Loella,Littleover,llittleover8b@mtv.com,Female,8769562081,Sweden,Vårby,8628 Raven Way
301,Shena,Ivanishin,sivanishin8c@skyrock.com,Female,3744321030,Brazil,Lençóis Paulista,38537 Sachs Center
302,Orelee,Daulton,odaulton8d@pbs.org,Female,2746038015,Indonesia,Rawuk,0 Bonner Circle
303,Chastity,Pirdy,cpirdy8e@hostgator.com,Female,8834207371,China,Houmen,850 Harbort Parkway
304,Cos,Henaughan,chenaughan8f@hibu.com,Male,3632100582,China,Xi’an,343 Manley Street
305,Beauregard,Kleine,bkleine8g@tmall.com,Male,2174339579,United States,Springfield,3 Mariners Cove Road
306,Shellie,Blois,sblois8h@whitehouse.gov,Female,6757758943,Cuba,Banes,5 Montana Junction
307,Law,Leban,lleban8i@vk.com,Male,4911440572,China,Anding,3 Florence Avenue
308,Miguelita,Hobben,mhobben8j@ning.com,Female,6819177745,Curacao,Newport,1 Fallview Court
309,Hamlen,Dilon,hdilon8k@unicef.org,Male,9416211429,China,Yishan,4 Scoville Trail
310,Eduino,Reavell,ereavell8l@cbc.ca,Male,4072838948,France,L'Union,171 Loftsgordon Plaza
311,Marillin,Torbeck,mtorbeck8m@blogtalkradio.com,Female,6993610315,France,Paris 17,5 Del Sol Plaza
312,Silvia,Torra,storra8n@instagram.com,Female,7664950662,Greece,Ágios Efstrátios,69 Chinook Park
313,Penni,De Rye Barrett,pderyebarrett8o@tumblr.com,Female,8101822357,Croatia,Rezovac,88277 Lakewood Gardens Point
314,Nickola,Nyssen,nnyssen8p@alexa.com,Male,9247513486,Oman,Shināş,987 Lawn Circle
315,Jodie,Teodoro,jteodoro8q@census.gov,Male,6642219225,Iraq,Hīt,3905 Fairview Point
316,Marcelia,Bellwood,mbellwood8r@baidu.com,Female,3512582898,Austria,Burgkirchen,3764 Sundown Alley
317,Cloe,O'Crowley,cocrowley8s@jimdo.com,Female,3495650290,Portugal,Nagoselo do Douro,6498 Buell Alley
318,Nadya,Blacklidge,nblacklidge8t@webnode.com,Female,4108882325,Brazil,Nerópolis,6889 West Road
319,Field,Yacobsohn,fyacobsohn8u@va.gov,Male,1613997752,Poland,Zbrosławice,5 Reinke Parkway
320,Myrilla,Colecrough,mcolecrough8v@hostgator.com,Female,3844968114,Venezuela,Güiria,5183 Maryland Hill
321,Opaline,Boltwood,oboltwood8w@over-blog.com,Bigender,3568648524,Poland,Pruszków,9 Upham Plaza
322,Brade,Westmorland,bwestmorland8x@tripod.com,Male,8333961720,Greece,Skópelos,25 Corben Street
323,Wilmette,Rizzone,wrizzone8y@phoca.cz,Female,7391390552,China,Dongping,9863 Granby Avenue
324,Dorthy,McKeggie,dmckeggie8z@elpais.com,Female,6338917246,Greece,Erátyra,01 Dunning Parkway
325,Adan,Carswell,acarswell90@ovh.net,Female,1533628478,Russia,Smolyaninovo,741 Menomonie Avenue
326,Jeremie,Bonham,jbonham91@hc360.com,Male,5858864402,United States,Rochester,2 Anthes Park
327,Amalita,Sagrott,asagrott92@noaa.gov,Female,2203513936,China,Shuangyuan,0410 Calypso Court
328,Cchaddie,Jeffes,cjeffes93@uiuc.edu,Bigender,5791513075,Thailand,Bang Rak,60 Mallory Center
329,Louie,Middup,lmiddup94@earthlink.net,Male,5112312940,Syria,Jablah,44600 Alpine Alley
330,Rollin,Clotworthy,rclotworthy95@thetimes.co.uk,Male,9445469860,Philippines,San Antonio,4534 Luster Center
331,Elnora,McQuorkel,emcquorkel96@about.me,Female,6093845353,Bosnia and Herzegovina,Visoko,7 Merrick Pass
332,Benoit,Busch,bbusch97@constantcontact.com,Male,4781147884,Philippines,Estacion,349 North Pass
333,Trevar,Pinsent,tpinsent98@usda.gov,Male,4082547508,France,Perpignan,20 Memorial Alley
334,Isabella,Dust,idust99@netvibes.com,Female,2287649676,Saudi Arabia,Tārūt,9735 Warner Crossing
335,Kelley,Mouat,kmouat9a@blog.com,Female,2034238660,United States,New Haven,59107 Sutherland Alley
336,Veronika,Abrahmer,vabrahmer9b@house.gov,Female,3176437720,Indonesia,Kampungdesa,4330 Crownhardt Park
337,Norri,Ebden,nebden9c@123-reg.co.uk,Female,4471497143,Jamaica,May Pen,8675 Kim Lane
338,Selia,McGarrahan,smcgarrahan9d@blogtalkradio.com,Female,7715716718,Armenia,Tsaghkunk’,477 South Hill
339,Whittaker,Feldheim,wfeldheim9e@vimeo.com,Male,6029290416,China,Wanbu,820 Valley Edge Drive
340,Robb,Niece,rniece9f@com.com,Male,4215344874,Japan,Okinawa,991 Vidon Lane
341,Randall,Vint,rvint9g@discuz.net,Bigender,7191795783,Palestinian Territory,Barţa‘ah ash Sharqīyah,29 Ronald Regan Alley
342,Amaleta,Brownsmith,abrownsmith9h@cbsnews.com,Female,5945195588,Luxembourg,Bergem,5915 Mayfield Road
343,Smitty,Attac,sattac9i@sogou.com,Male,2979220790,Indonesia,Plumbangan,2943 Schlimgen Point
344,Colleen,Duker,cduker9j@tripod.com,Female,9421072071,Russia,Shirokovskiy,4 Fulton Point
345,Gayler,McArd,gmcard9k@cmu.edu,Genderfluid,3259794568,Indonesia,Sulengwaseng,62731 Cardinal Pass
346,Drugi,Demageard,ddemageard9l@yandex.ru,Male,2795849725,China,Zhongying,4 Westend Parkway
347,Shanta,Barnaby,sbarnaby9m@smugmug.com,Female,3417020189,Philippines,Calinaoan Malasin,51 Susan Road
348,Darline,Sweeten,dsweeten9n@last.fm,Female,8231822258,China,Ningmute,88 Iowa Avenue
349,Son,Salkild,ssalkild9o@mediafire.com,Male,7709300492,Philippines,Camaligan,470 Upham Hill
350,Whitman,Tarbath,wtarbath9p@networkadvertising.org,Male,9108672045,Philippines,Tagasilay,4290 Montana Alley
351,Paco,Gidman,pgidman9q@forbes.com,Male,2291016609,Philippines,Bantay,986 Melody Parkway
352,Chad,Jendas,cjendas9r@com.com,Male,9972416711,Indonesia,Jati,905 Haas Parkway
353,Olympia,Forst,oforst9s@ca.gov,Female,4814129129,Brazil,Casimiro de Abreu,49502 Toban Circle
354,Wynn,Mortimer,wmortimer9t@sakura.ne.jp,Male,9427762475,Vietnam,Chư Ty,929 Lakewood Gardens Lane
355,Linda,Fermin,lfermin9u@goo.ne.jp,Female,3788202442,Norway,Bergen,4922 Sloan Terrace
356,Nickola,Northbridge,nnorthbridge9v@paypal.com,Male,5425539759,China,Guogan,062 Esker Road
357,Wakefield,Broschek,wbroschek9w@ed.gov,Male,3942221457,Haiti,Bombardopolis,6 Debra Hill
358,Sisely,Nund,snund9x@washington.edu,Female,4398672886,Czech Republic,Želešice,32043 Ridgeview Parkway
359,Gabi,Daish,gdaish9y@weibo.com,Female,4602365522,Albania,Memaliaj,465 Cherokee Way
360,Nevil,Earthfield,nearthfield9z@samsung.com,Male,1048315655,Russia,Berëzovskiy,76 Leroy Pass
361,Enrica,Christensen,echristensena0@google.co.uk,Genderfluid,6588671888,Brazil,Paiçandu,68 Summerview Avenue
362,Leola,Dabs,ldabsa1@nbcnews.com,Female,4935929463,Poland,Chotcza,6 Eggendart Place
363,Bartholomeo,Gres,bgresa2@buzzfeed.com,Male,7883356978,Poland,Cegłów,1823 La Follette Park
364,Allistir,Ledger,aledgera3@wp.com,Male,1809915995,China,Zongzhai,72 Bunting Circle
365,Sonia,Smylie,ssmyliea4@scribd.com,Female,9456968585,Indonesia,Habingkloang,58287 Browning Alley
366,Quincy,Cleynaert,qcleynaerta5@mozilla.com,Male,7247769930,Japan,Kisai,0 Carberry Parkway
367,Nannie,Draisey,ndraiseya6@usa.gov,Female,1421922355,Mauritius,Cap Malheureux,2 Eagan Drive
368,Erasmus,O'Keevan,eokeevana7@usa.gov,Male,3186391667,Spain,Sabadell,717 Waubesa Center
369,Odey,Deners,odenersa8@nydailynews.com,Male,5791317485,Brazil,Imperatriz,3090 Jenifer Terrace
370,Miner,Daborn,mdaborna9@deviantart.com,Male,4521011824,Indonesia,Jagabaya Dua,2799 Kinsman Way
371,Kerry,MacMenamy,kmacmenamyaa@reddit.com,Male,5284040845,China,Liuhe,7 Loeprich Crossing
372,Wyatt,Piletic,wpileticab@mozilla.org,Male,2804943893,Colombia,Duitama,0585 Michigan Junction
373,Torrey,McMichan,tmcmichanac@ucsd.edu,Male,7247664128,Syria,Talldaww,59 Graceland Alley
374,Titos,Adamo,tadamoad@archive.org,Male,4965725429,Germany,Köln,38430 Springview Center
375,Myron,Jacqueme,mjacquemeae@fotki.com,Male,9171849570,Namibia,Aranos,574 Graedel Terrace
376,Eadmund,Tilby,etilbyaf@ning.com,Male,8996928502,Russia,Muslyumovo,61943 Armistice Drive
377,Robers,Bratton,rbrattonag@t-online.de,Male,3538240799,Ukraine,Perehonivka,80 Garrison Crossing
378,Kania,MacGahy,kmacgahyah@theatlantic.com,Female,6291924397,Iran,Ḩājjīābād,5 Cottonwood Court
379,Jae,Tourmell,jtourmellai@biblegateway.com,Male,8009784601,Argentina,Junín,905 Merry Point
380,Nat,Freschini,nfreschiniaj@freewebs.com,Male,6268771435,Russia,Staroshcherbinovskaya,0217 Canary Parkway
381,Shell,Tune,stuneak@prlog.org,Male,9011478196,Japan,Aisai,383 Troy Junction
382,Talbot,Lexa,tlexaal@list-manage.com,Male,6624093284,China,Hongwansi,870 Havey Plaza
383,Lisetta,McGrann,lmcgrannam@state.tx.us,Female,7299468012,Thailand,Khemarat,19424 American Ash Terrace
384,Miran,Wessel,mwesselan@wufoo.com,Female,5107074976,Indonesia,Jepat Kidul,5097 Cherokee Lane
385,Care,Portwaine,cportwaineao@google.com,Male,6278218515,China,Guanshan,4511 Beilfuss Trail
386,Cameron,Kohring,ckohringap@ebay.com,Male,1371005191,Brazil,Cruzeiro do Sul,6963 Pierstorff Hill
387,Lauritz,Cawthorne,lcawthorneaq@hexun.com,Male,9362311791,Czech Republic,Radiměř,0494 Banding Plaza
388,Aloysius,Alvy,aalvyar@deliciousdays.com,Male,5559120959,Georgia,Kharagauli,92116 Oakridge Circle
389,Giorgio,Tolcharde,gtolchardeas@berkeley.edu,Male,8322784111,Indonesia,Rawawilis,1537 Moland Place
390,Linnell,Nelson,lnelsonat@skyrock.com,Female,8185468747,Philippines,Tariji,31803 Saint Paul Center
391,Kare,Martina,kmartinaau@desdev.cn,Female,9598021657,Canada,Bay Roberts,34 Havey Junction
392,Kippie,Yorath,kyorathav@toplist.cz,Male,4437328121,Portugal,Alcaria,87185 Huxley Circle
393,Issy,Eastmead,ieastmeadaw@cornell.edu,Female,5639764760,Georgia,Sokhumi,714 Carioca Park
394,Leia,Yitzhakof,lyitzhakofax@wordpress.org,Female,7295232544,Portugal,Vilarinho das Cambas,278 Farwell Point
395,Rab,Moncreiffe,rmoncreiffeay@springer.com,Male,3878327998,Peru,Ayna,130 Arkansas Avenue
396,De witt,Tommaseo,dtommaseoaz@tumblr.com,Male,6022185495,Brazil,Palhoça,77 Valley Edge Junction
397,Dugald,Lovstrom,dlovstromb0@a8.net,Male,8224935872,Bolivia,Totora,9 Crownhardt Court
398,Thedrick,Russon,trussonb1@prweb.com,Genderfluid,5193454579,Vietnam,Ai Tu,55 Amoth Junction
399,Kikelia,Legat,klegatb2@issuu.com,Female,2601376312,Indonesia,Ngarus,1712 Continental Alley
400,Deborah,Grimbaldeston,dgrimbaldestonb3@cbsnews.com,Female,8851670395,Vietnam,Tô Hạp,7 Talisman Drive
401,Adolph,Terram,aterramb4@army.mil,Male,6767252696,Mexico,La Victoria,7409 Morrow Trail
402,Raddie,McKleod,rmckleodb5@hhs.gov,Non-binary,1296377814,Russia,Kavalerovo,4 Mccormick Circle
403,Lavinie,Newlan,lnewlanb6@moonfruit.com,Non-binary,6322778749,Portugal,Ardazubre,945 Shelley Hill
404,Karna,Jaqueme,kjaquemeb7@deviantart.com,Female,9687508694,Thailand,Ban Lam Luk Ka,2274 Sutherland Alley
405,Farleigh,Sommerled,fsommerledb8@smugmug.com,Male,2064721578,United States,Seattle,9 Comanche Circle
406,Hillie,Postans,hpostansb9@freewebs.com,Male,4059542243,China,Jiuxian,81 Mayer Terrace
407,Ric,Standley,rstandleyba@sakura.ne.jp,Male,4266926173,Netherlands,Enschede,6 Moulton Terrace
408,Farleigh,Reihill,freihillbb@qq.com,Male,7431396483,Thailand,Ban Dan,568 Homewood Alley
409,Garrik,O'Regan,goreganbc@ifeng.com,Male,3226513672,Tunisia,Bi’r al Ḩufayy,34 New Castle Point
410,Rodolfo,Corkett,rcorkettbd@tmall.com,Male,3542099494,China,Zhongbao,60010 Vahlen Court
411,Reece,Fley,rfleybe@miibeian.gov.cn,Male,4789850450,Sweden,Ulricehamn,1733 Dahle Alley
412,Sandi,Ranby,sranbybf@sakura.ne.jp,Female,4035294189,Indonesia,Padhahegha,5 Del Mar Court
413,Lorita,Osanne,losannebg@about.me,Female,3899212298,Russia,Pribrezhnyy,46 Esch Terrace
414,Lorrie,Giotto,lgiottobh@bloglovin.com,Female,5073036761,Russia,Pokrovskoye-Streshnëvo,6935 Dakota Lane
415,Cchaddie,Hargraves,chargravesbi@businesswire.com,Male,5992567426,Sweden,Mariefred,8 Atwood Avenue
416,Belinda,Voce,bvocebj@arstechnica.com,Female,8311569202,Honduras,Las Lajas,84954 Myrtle Point
417,Lil,Harme,lharmebk@t.co,Female,3227497096,Indonesia,Tangguhang,33 Bunting Way
418,Algernon,Gaw,agawbl@geocities.jp,Male,7928649728,Thailand,Ban Talat Yai,9 Bluejay Plaza
419,Geralda,Baudins,gbaudinsbm@i2i.jp,Female,7159931312,Madagascar,Morondava,47 Waxwing Plaza
420,Joseito,McComas,jmccomasbn@twitter.com,Polygender,2624680126,Indonesia,Krajan Caluk,67 Pepper Wood Circle
421,Carolus,Skerm,cskermbo@topsy.com,Male,5745753575,Nigeria,Igarra,4 Arapahoe Hill
422,Arni,Bostock,abostockbp@lulu.com,Male,4618201985,China,Zhoujia,7202 Cambridge Avenue
423,Ive,Pudding,ipuddingbq@jigsy.com,Male,1439061551,South Africa,Peddie,55 Anderson Trail
424,Allie,Doe,adoebr@rediff.com,Male,2014379568,Peru,Tunal,51 Northport Terrace
425,Maribelle,Skala,mskalabs@so-net.ne.jp,Female,4176295498,China,Gaofeng,8 Susan Center
426,Bjorn,Fancutt,bfancuttbt@nsw.gov.au,Male,7635581399,Russia,Zakamensk,5961 Susan Junction
427,Mayne,Lucia,mluciabu@alexa.com,Male,1809534182,Mexico,Loma Bonita,393 Melody Plaza
428,Jessy,Rickasse,jrickassebv@myspace.com,Genderfluid,9162088918,Pakistan,Shabqadar,9 Lukken Lane
429,Bram,Rix,brixbw@who.int,Genderqueer,9548585432,Bolivia,Huanuni,517 Clarendon Lane
430,Hammad,Mityushkin,hmityushkinbx@arizona.edu,Male,5296052026,Philippines,Parabcan,34847 Grasskamp Court
431,Aindrea,Elsay,aelsayby@sina.com.cn,Genderqueer,4714532203,China,Xiaomenjia,1395 Merchant Park
432,Antoine,Slyford,aslyfordbz@opensource.org,Polygender,8846935792,Philippines,Castilla,76 Burning Wood Park
433,Denna,Bogays,dbogaysc0@i2i.jp,Female,6163541570,Indonesia,Pandanwangi,826 Schiller Plaza
434,Mariann,Lowndsbrough,mlowndsbroughc1@t.co,Female,4429052091,Ukraine,Batiovo,85 Graedel Point
435,Bourke,Leal,blealc2@skype.com,Male,1596476137,Indonesia,Sumberkrajan,986 Old Gate Place
436,Mirilla,Tansley,mtansleyc3@infoseek.co.jp,Female,8187106394,Saint Vincent and the Grenadines,Byera Village,9591 Green Ridge Junction
437,Fons,Georgievski,fgeorgievskic4@shutterfly.com,Male,1342009110,Indonesia,Petong,90 Moulton Pass
438,Joane,Gobert,jgobertc5@comcast.net,Female,8546546540,Vietnam,Cái Dầu,85 Ridge Oak Crossing
439,Daryn,Denson,ddensonc6@spiegel.de,Female,3867006001,China,Henglin,4386 Farmco Way
440,Marney,O'Doherty,modohertyc7@blogspot.com,Female,7438285176,Brazil,Pentecoste,5 Morningstar Pass
441,Tomi,Brood,tbroodc8@jimdo.com,Female,4372287558,Sweden,Kiruna,163 Brown Pass
442,Kirby,Eagleston,keaglestonc9@creativecommons.org,Female,5601466801,Indonesia,Langkap,2 Dawn Junction
443,Brigham,Jakubovits,bjakubovitsca@toplist.cz,Male,9021460139,Guyana,Anna Regina,8 Forest Run Point
444,Merrie,Beevens,mbeevenscb@mashable.com,Female,5546182628,China,Xidianzi,90258 Buena Vista Drive
445,Bartlett,Cafferty,bcaffertycc@arizona.edu,Male,6542666771,Uruguay,Cerro Colorado,47520 Darwin Point
446,Seymour,Freddi,sfreddicd@cocolog-nifty.com,Male,1145964277,Brazil,Jardinópolis,73944 Mifflin Hill
447,Vittorio,Dennerly,vdennerlyce@walmart.com,Genderfluid,9589317788,New Zealand,Methven,465 Rigney Lane
448,Carlye,Shewon,cshewoncf@wsj.com,Female,6516506073,China,Licheng,115 Village Crossing
449,Tedi,Filon,tfiloncg@bigcartel.com,Female,3297639601,Israel,Herzliya Pituah,39 Thierer Lane
450,Flossie,Storer,fstorerch@slideshare.net,Female,2426232872,China,Dagang,94810 Atwood Pass
451,Buddie,Wakely,bwakelyci@soup.io,Male,2634044240,Ecuador,Cuenca,291 Cottonwood Road
452,Timothy,Kevane,tkevanecj@apple.com,Male,5079343422,Brazil,Alfenas,48604 Tony Circle
453,Shay,Emma,semmack@yahoo.co.jp,Male,1292684960,China,Taocheng,04561 Eagan Junction
454,Granny,Abramowitz,gabramowitzcl@slate.com,Male,3687567430,Mexico,Antonio Toledo Corro,953 Spohn Drive
455,Cosimo,Vosper,cvospercm@usa.gov,Male,1489242594,Indonesia,Tanggul Wetan,83084 Shasta Avenue
456,Dave,Ortells,dortellscn@cyberchimps.com,Male,5039202244,Canada,Roberval,51 Claremont Drive
457,Layton,Lorentzen,llorentzenco@twitpic.com,Male,3145921609,Indonesia,Sumberngerjat,46 Hansons Center
458,Gaylor,Golthorpp,ggolthorppcp@jiathis.com,Genderqueer,7136656490,Iran,‘Abbāsābād,215 Hoepker Drive
459,Dael,Breitler,dbreitlercq@intel.com,Male,1692597849,Peru,Ica,54 North Trail
460,Guillaume,Michael,gmichaelcr@auda.org.au,Male,9959506815,China,Zaoxi,9096 Porter Crossing
461,Charline,Wotton,cwottoncs@instagram.com,Female,4134066540,United States,Springfield,54051 Rigney Hill
462,Nicol,Raulstone,nraulstonect@abc.net.au,Female,7283413744,Russia,Dzerzhinskiy,85 Mallard Lane
463,Joshia,Carleman,jcarlemancu@twitpic.com,Male,4168189750,Egypt,Rafaḩ,586 Artisan Drive
464,Cornell,Jennings,cjenningscv@istockphoto.com,Male,2102806305,China,Honglai,60140 Killdeer Circle
465,Philomena,Josebury,pjoseburycw@guardian.co.uk,Female,1591875332,China,Linxi,1 Crownhardt Park
466,Sela,Cronin,scronincx@slashdot.org,Female,2861503011,Indonesia,Banarankrajan,55 Miller Drive
467,Silvia,Ivanaev,sivanaevcy@cbc.ca,Female,9477679537,Uganda,Kalungu,745 Hazelcrest Center
468,Xavier,Densumbe,xdensumbecz@statcounter.com,Male,8656109202,Peru,Mariposa,731 Reindahl Lane
469,Derk,Woffenden,dwoffendend0@canalblog.com,Male,3497921269,Venezuela,Ejido,63591 Moland Circle
470,Michail,Goggan,mgoggand1@google.fr,Male,6803623740,Czech Republic,Lešná,2018 Moulton Pass
471,Annabel,Dargavel,adargaveld2@craigslist.org,Female,1066432675,Ecuador,Babahoyo,3 International Hill
472,Leena,Gagen,lgagend3@diigo.com,Female,6743851004,Philippines,Cawayan Bugtong,12 Havey Parkway
473,Hinze,Leighfield,hleighfieldd4@reddit.com,Male,8492785908,China,Bazhu,2 Golden Leaf Hill
474,Novelia,Mousdall,nmousdalld5@alibaba.com,Bigender,4212111260,Brazil,Altamira,84615 Browning Court
475,Kean,Sanbroke,ksanbroked6@illinois.edu,Male,5758468587,South Korea,Goyang-si,73842 Buhler Alley
476,Algernon,Pavlenko,apavlenkod7@live.com,Male,5054561274,South Korea,Gimcheon,50617 Toban Trail
477,Baxie,McDuffy,bmcduffyd8@altervista.org,Agender,3145232581,United States,Saint Louis,1 Kenwood Way
478,Anthiathia,Faulkner,afaulknerd9@ucoz.ru,Female,3059071783,Indonesia,Bulangan,22 Esch Pass
479,Monty,McMurty,mmcmurtyda@oakley.com,Male,7478518788,China,Xijia,58328 Fremont Avenue
480,Moreen,Keogh,mkeoghdb@independent.co.uk,Female,6315782987,Uzbekistan,Yangi-Nishon Shahri,58 Sycamore Alley
481,Sibilla,Loines,sloinesdc@elegantthemes.com,Female,5785161303,Czech Republic,Potštát,4297 Crescent Oaks Center
482,Elladine,Horsewood,ehorsewooddd@qq.com,Female,7069013719,Indonesia,Banjar Petak,88 Veith Junction
483,Jeremy,Shakeshaft,jshakeshaftde@newyorker.com,Male,9035475763,Croatia,Makarska,8 Talisman Park
484,Winnie,Sammons,wsammonsdf@sohu.com,Male,3582292185,Kenya,Kakamega,84 Harbort Crossing
485,Reynard,Kelk,rkelkdg@theglobeandmail.com,Male,4391486161,Peru,Huambalpa,6127 Dakota Crossing
486,Gregorio,Troop,gtroopdh@ted.com,Male,8302328612,Russia,Zhigalovo,1 Magdeline Alley
487,Harvey,Aucoate,haucoatedi@apache.org,Male,3399603240,Pakistan,Khairpur,5256 Ridgeview Lane
488,Angelina,Bernardoux,abernardouxdj@examiner.com,Female,1522147713,Pakistan,Mīrpur Sakro,0702 Saint Paul Drive
489,Randy,McGloughlin,rmcgloughlindk@apple.com,Female,1213212519,China,Xiangzhou,5360 Lindbergh Place
490,Gibbie,Moohan,gmoohandl@fda.gov,Male,6755212651,Gambia,Bureng,1 Katie Road
491,Eddi,Harston,eharstondm@is.gd,Female,5783366454,Brazil,Franca,327 Bonner Crossing
492,Izzy,Walling,iwallingdn@kickstarter.com,Male,3269497538,Poland,Cisiec,1 Melrose Plaza
493,Enriqueta,Drayn,edrayndo@mtv.com,Female,8368337260,Sweden,Säffle,9 Crest Line Park
494,Fair,Silveston,fsilvestondp@arstechnica.com,Male,7378311262,Indonesia,Blokdesa Situgede,4 Reindahl Alley
495,Lombard,Carse,lcarsedq@ustream.tv,Male,4617861167,Finland,Kiihtelysvaara,28715 Colorado Lane
496,Cele,Croix,ccroixdr@facebook.com,Female,1428564160,Sweden,Uppsala,78885 Browning Terrace
497,Martguerita,Culkin,mculkinds@dion.ne.jp,Female,2456130420,China,Sunduan,8 Arapahoe Point
498,Wallache,Cesaric,wcesaricdt@samsung.com,Male,6398932921,Brazil,Rio Grande da Serra,0 Comanche Crossing
499,Corie,Mish,cmishdu@house.gov,Female,9419652253,China,Jianli,42 Division Center
500,Eolande,Inglesent,einglesentdv@skype.com,Female,8892427119,Syria,‘Ayn Ḩalāqīm,7980 Fieldstone Center
501,Claudine,Zavattiero,czavattierodw@paypal.com,Female,3219213558,Brazil,Cravinhos,11 Merchant Crossing
502,Dougy,Kinavan,dkinavandx@over-blog.com,Male,8164507149,China,Baisha,61953 Fallview Trail
503,Babs,McCuffie,bmccuffiedy@noaa.gov,Genderqueer,2031109214,Finland,Jakobstad,01 Reinke Plaza
504,Herculie,Lambswood,hlambswooddz@bbc.co.uk,Male,7234347844,Indonesia,Mekarsari,57 Fulton Lane
505,Imogene,Service,iservicee0@upenn.edu,Female,8077084670,Poland,Lututów,28971 Magdeline Street
506,Reeba,Creeboe,rcreeboee1@so-net.ne.jp,Female,5361391031,Honduras,San José de Colinas,21 Sauthoff Parkway
507,Jodi,Boneham,jbonehame2@eepurl.com,Female,9454477601,China,Lingtou,66 Corry Crossing
508,Ashil,Tassel,atassele3@homestead.com,Female,1482878935,China,Renchaoxi,5467 Milwaukee Hill
509,Lothaire,Pudsey,lpudseye4@wisc.edu,Male,9841302022,Iran,Āshtīān,29 Grim Plaza
510,Jessica,Woodburn,jwoodburne5@japanpost.jp,Female,7031456234,France,Nantes,10870 Autumn Leaf Park
511,Drusi,Wytchard,dwytcharde6@usnews.com,Female,7597157362,Peru,Cumba,81 Grover Circle
512,Alleen,Sleeman,asleemane7@gmpg.org,Genderfluid,6656756980,Canada,Moncton,634 Continental Point
513,Arne,York,ayorke8@pinterest.com,Male,7053233027,Poland,Chłapowo,80 Mockingbird Drive
514,Osgood,Lepope,olepopee9@weibo.com,Male,4025311096,Russia,Nadezhda,5 Bultman Pass
515,Octavius,Tarbet,otarbetea@bluehost.com,Male,5078741918,Ecuador,Eloy Alfaro,06719 Rutledge Lane
516,Veronica,Bounde,vboundeeb@nyu.edu,Female,7544484488,Mauritius,Quatre Bornes,90 Ridgeview Pass
517,Tandie,Barmby,tbarmbyec@bandcamp.com,Female,9158148603,Denmark,København,960 Forster Road
518,Marley,Wellington,mwellingtoned@cmu.edu,Female,4342296177,Philippines,Tambong,32 Badeau Lane
519,Marylou,Chartman,mchartmanee@google.co.uk,Agender,9121849557,Indonesia,Kasonawejo,9 Glacier Hill Lane
520,Creight,Turbayne,cturbayneef@mysql.com,Genderqueer,6732411356,Malaysia,Raub,8058 Union Street
521,Tobe,Manderson,tmandersoneg@51.la,Bigender,2373103912,Portugal,Real,366 Scoville Court
522,Shellysheldon,Deeman,sdeemaneh@altervista.org,Male,7169281758,China,Haoyi,4 6th Place
523,Adelice,Rosenbusch,arosenbuschei@freewebs.com,Female,8873632415,South Africa,Balfour,975 Lillian Center
524,Greer,Crowcroft,gcrowcroftej@sakura.ne.jp,Female,2453063577,Afghanistan,La‘l,11 Forest Dale Center
525,Gerti,Reglar,greglarek@photobucket.com,Female,4634039179,China,Majin,523 Donald Point
526,Griffin,Powell,gpowellel@mozilla.com,Male,3382388372,Afghanistan,Jalālābād,50 International Center
527,Betsey,Scinelli,bscinelliem@ustream.tv,Female,7648945906,Philippines,Batasan,244 Northport Place
528,Pam,Batrick,pbatricken@amazon.com,Female,7932917452,China,Tonglin,3825 Scofield Road
529,Teodoro,Tovey,ttoveyeo@intel.com,Male,9857793249,China,Yongfeng,583 Norway Maple Pass
530,Elke,Crawcour,ecrawcourep@fastcompany.com,Female,8582417731,Bulgaria,Burgas,85 Bayside Road
531,Milissent,Besnard,mbesnardeq@nifty.com,Female,3515447753,Indonesia,Watulimo,5803 Sunfield Lane
532,Aubree,O'Neill,aoneiller@economist.com,Polygender,2236528805,China,Guancheng,6 Main Center
533,Marillin,Sanchez,msanchezes@live.com,Female,9276138915,Sweden,Ljungby,7 Maryland Junction
534,Linell,Nutbeem,lnutbeemet@barnesandnoble.com,Female,6229872397,China,Ulan Us,9391 Cascade Place
535,Lissi,Lanney,llanneyeu@instagram.com,Female,3283083720,Indonesia,Pajeksan,82 Anthes Drive
536,Lonni,Rustedge,lrustedgeev@list-manage.com,Female,5665291022,South Africa,White River,4 Lindbergh Alley
537,Farlie,Leamy,fleamyew@un.org,Male,7354195038,Yemen,Ta‘izz,55 Maple Wood Avenue
538,Sharai,Bowes,sbowesex@seattletimes.com,Female,6148963407,United States,Columbus,98324 Waywood Crossing
539,Tasha,Blatcher,tblatcherey@photobucket.com,Female,8705142071,China,Fengniancun,494 Ronald Regan Court
540,Norry,Grassett,ngrassettez@oaic.gov.au,Female,4733352430,China,Baiyin,3061 Harbort Hill
541,Magdalen,Slowcock,mslowcockf0@zdnet.com,Female,8473807056,Iran,Gāvbandī,20786 Gina Plaza
542,Basil,Ticic,bticicf1@prweb.com,Male,8116884876,South Africa,Delareyville,189 Monterey Crossing
543,Alister,Dagon,adagonf2@yelp.com,Male,6981687675,Colombia,Curumaní,079 Harper Place
544,Charmine,Brambley,cbrambleyf3@hibu.com,Female,6608185908,Tunisia,Ksour Essaf,56 Golden Leaf Way
545,Thatcher,McCole,tmccolef4@loc.gov,Male,2234326801,South Africa,Sasolburg,31395 Declaration Road
546,Hieronymus,Trulock,htrulockf5@tripadvisor.com,Male,4896046849,Latvia,Rēzekne,8698 Miller Junction
547,Jehanna,Flag,jflagf6@furl.net,Female,6776113535,France,Bobigny,538 Dawn Trail
548,Waverley,O'Hannigan,wohanniganf7@opensource.org,Male,8633625369,Malaysia,Alor Setar,5087 Washington Lane
549,Lazare,Alenshev,lalenshevf8@yandex.ru,Agender,9198319396,Indonesia,Sadananya,04593 Schurz Pass
550,Christiana,Blythe,cblythef9@e-recht24.de,Female,2819104698,United States,Houston,23128 Jackson Center
551,Nicol,Jancar,njancarfa@bigcartel.com,Male,5605205022,Egypt,Būr Safājah,16 Mosinee Point
552,Bradley,Lashbrook,blashbrookfb@mlb.com,Male,4525698021,Thailand,Wat Bot,29975 Mallory Crossing
553,Haskel,Moulsdale,hmoulsdalefc@mysql.com,Male,5384710765,Philippines,Calaya,343 Crownhardt Road
554,Jard,Lucchi,jlucchifd@cdc.gov,Male,6023175785,China,Si’erbao,320 Iowa Court
555,Emilee,Legendre,elegendrefe@illinois.edu,Female,2467117491,Finland,Hartola,0 Carey Pass
556,Jeff,Osorio,josorioff@illinois.edu,Male,7171957753,Belarus,Khatsyezhyna,9 Larry Avenue
557,Sarajane,Gannicott,sgannicottfg@domainmarket.com,Female,6144779696,China,Chaoyang,834 Mifflin Street
558,Annabal,Jikylls,ajikyllsfh@dion.ne.jp,Female,9883737112,China,Sangmu,90373 Mcguire Trail
559,Jo-ann,Dewsnap,jdewsnapfi@usgs.gov,Female,5434335143,China,Qixia,933 Tomscot Court
560,Rik,Attwoull,rattwoullfj@cdc.gov,Male,8477340553,Hungary,Pécs,09684 Meadow Ridge Park
561,Ewart,O' Cloney,eocloneyfk@tinyurl.com,Male,9726281889,Ethiopia,Felege Neway,2152 Kings Way
562,Esra,Bennett,ebennettfl@alibaba.com,Male,7511055348,Philippines,Puerto Bello,6 Pepper Wood Parkway
563,Faina,Kundert,fkundertfm@reverbnation.com,Female,2564162717,Russia,Spasskoye,02446 Fordem Way
564,Alexis,Reimer,areimerfn@amazon.com,Female,7251679038,Portugal,Funchal,97 Magdeline Pass
565,Drud,Nealand,dnealandfo@bing.com,Male,6881042138,Japan,Mino,69748 Schlimgen Parkway
566,Clementina,Babbs,cbabbsfp@github.com,Female,9162739465,Oman,Ibrā’,7946 Swallow Way
567,Emlynne,Barlace,ebarlacefq@patch.com,Female,3439358886,Mongolia,Hujirt,555 Farragut Crossing
568,Rosabelle,Mazzeo,rmazzeofr@washington.edu,Bigender,3805309388,Thailand,Srinagarindra,4 Ohio Hill
569,Forrest,Bainbrigge,fbainbriggefs@jimdo.com,Male,9052015592,Tunisia,Douz,835 Brentwood Trail
570,Douglass,Challenor,dchallenorft@e-recht24.de,Male,8046703881,United States,Richmond,15495 Burrows Crossing
571,Martino,Medwell,mmedwellfu@bloglovin.com,Male,8776214511,France,Balma,81137 Nancy Junction
572,Teador,Borkett,tborkettfv@epa.gov,Male,5154109461,Kiribati,Banraeaba Village,7 New Castle Hill
573,Kimberlyn,Frigot,kfrigotfw@weather.com,Female,9076730572,China,Pingyin,70952 Hauk Drive
574,Cybil,Sanney,csanneyfx@blogs.com,Female,4232576291,Indonesia,Purwodadi,53 Sommers Way
575,Fin,Cheston,fchestonfy@t.co,Male,2244990886,Greece,Síkinos,05 Declaration Terrace
576,Larina,Ducker,lduckerfz@smugmug.com,Female,3506509917,Russia,Pregradnoye,22508 Randy Crossing
577,Diego,Drewery,ddreweryg0@istockphoto.com,Bigender,8301309897,Peru,Uripa,3 Union Street
578,Connor,Farbrace,cfarbraceg1@wikipedia.org,Male,2572922197,Jamaica,Petersfield,3 Sloan Road
579,Curr,Seaborn,cseaborng2@t.co,Male,4662147231,France,Rueil-Malmaison,8 Calypso Parkway
580,Hyacinthia,Bedle,hbedleg3@topsy.com,Agender,3257802934,Philippines,Alicia,0 Talmadge Road
581,Kristal,Michallat,kmichallatg4@seattletimes.com,Female,3372214565,Philippines,Odiong,72 Dapin Crossing
582,Evelyn,Peepall,epeepallg5@google.com.hk,Male,9211548306,Philippines,Gibgos,0013 Hazelcrest Circle
583,Christophe,Roulston,croulstong6@hao123.com,Male,2705192190,China,Xiaoyue,0303 Atwood Alley
584,Gustaf,Yanov,gyanovg7@seesaa.net,Male,2467563461,Thailand,Khao Yoi,08 Swallow Parkway
585,Wright,Rispin,wrisping8@icio.us,Male,7625110853,Brazil,Xique Xique,485 Darwin Terrace
586,Janet,Arlow,jarlowg9@so-net.ne.jp,Female,9414478363,Croatia,Hrvatska Kostajnica,3590 Esker Pass
587,Blondy,Hapke,bhapkega@ehow.com,Female,8215080013,Portugal,Ribafria,47441 Crowley Road
588,Clare,Ditter,cdittergb@discuz.net,Male,3318521682,China,Fengchuan,2 Maple Alley
589,Tate,Blazej,tblazejgc@reference.com,Male,1203789861,Colombia,Río de Oro,87815 Twin Pines Terrace
590,Albert,Cumbes,acumbesgd@weather.com,Male,9595565991,France,Évry,2 Scott Terrace
591,Heinrik,Lindup,hlindupge@typepad.com,Non-binary,6258433526,Colombia,Pradera,7 Talmadge Court
592,Tallou,Chaff,tchaffgf@ted.com,Female,4721196007,Sudan,Kutum,57166 Elmside Circle
593,Eleen,Vanichkin,evanichkingg@icio.us,Female,9064452780,France,Massy,433 Service Point
594,Petronilla,Gilliard,pgilliardgh@spiegel.de,Female,1326794496,Peru,Santa Cruz,1357 Bartelt Lane
595,Abra,O'Longain,aolongaingi@macromedia.com,Female,1114102783,Czech Republic,Malonty,07707 Spohn Park
596,Eryn,Liles,elilesgj@rediff.com,Polygender,1337167023,Russia,Smolenka,580 Cardinal Junction
597,Byran,Goble,bgoblegk@wordpress.com,Male,6758911403,Poland,Gryfino,59 Becker Place
598,Dev,Luckhurst,dluckhurstgl@go.com,Agender,5862534258,Poland,Ścinawa,6598 Schurz Hill
599,Kori,Guillon,kguillongm@usnews.com,Bigender,1388476223,Czech Republic,Zlaté Hory,638 Fuller Place
600,Claretta,Cowap,ccowapgn@weebly.com,Female,8998775412,Czech Republic,Kamenné Žehrovice,56587 Eastlawn Lane
601,Benita,Leader,bleadergo@goo.gl,Female,4808193970,Indonesia,Brongkah,4742 Gale Parkway
602,Debora,Dmitrichenko,ddmitrichenkogp@cdbaby.com,Female,3517874510,South Africa,Mount Frere,001 Kipling Street
603,Gustav,Sommerled,gsommerledgq@desdev.cn,Male,2243257631,Russia,Okhotsk,8 Emmet Park
604,Latashia,Last,llastgr@earthlink.net,Genderfluid,3007996891,Indonesia,Balong,9164 Northridge Park
605,Herve,Breckenridge,hbreckenridgegs@netvibes.com,Male,5086979323,China,Luxi,943 Thompson Plaza
606,Susie,Deniske,sdeniskegt@dyndns.org,Polygender,5923779733,Philippines,Sambuluan,58397 Maple Junction
607,Ray,Brusin,rbrusingu@de.vu,Female,3465198892,Philippines,Santa Teresa,2912 Commercial Alley
608,Olly,Sommerly,osommerlygv@desdev.cn,Male,4359550991,United States,Salt Lake City,8 Ramsey Park
609,Reeta,Britian,rbritiangw@washington.edu,Female,9474372625,Norway,Haugesund,512 North Parkway
610,Antonio,Orae,aoraegx@jugem.jp,Genderfluid,6454647577,Indonesia,Oganlima,97 Judy Place
611,Riki,Angood,rangoodgy@wix.com,Female,7638433628,United States,Minneapolis,7 Scoville Road
612,Hyman,Le Gall,hlegallgz@mashable.com,Male,7719427492,China,Hukeng,233 Vahlen Court
613,Serena,Duffan,sduffanh0@reuters.com,Non-binary,2928279852,New Zealand,Kelburn,25 Logan Street
614,Durand,Luther,dlutherh1@independent.co.uk,Genderqueer,3476577297,Czech Republic,Všenory,8 4th Lane
615,Launce,Baum,lbaumh2@ow.ly,Male,8966332776,United Kingdom,Denton,83 Rigney Circle
616,Else,McCulley,emcculleyh3@geocities.jp,Female,1882673693,Bahamas,Lucaya,14 Huxley Crossing
617,Maggi,Harmston,mharmstonh4@scientificamerican.com,Female,9389223539,Argentina,Costa Sacate,55 Meadow Valley Drive
618,Gris,Jordon,gjordonh5@fc2.com,Male,8531596277,Brazil,Pacaembu,1231 Schmedeman Parkway
619,Dolph,Dukelow,ddukelowh6@buzzfeed.com,Male,5339717912,Russia,Aleysk,7 Coolidge Center
620,Chadwick,Crozier,ccrozierh7@posterous.com,Male,1981629826,Sweden,Mora,232 Bayside Avenue
621,Enrique,Muddle,emuddleh8@jimdo.com,Male,5055056291,United States,Santa Fe,24 Petterle Court
622,Dahlia,Anetts,danettsh9@e-recht24.de,Female,9762823178,Serbia,Barajevo,8 Melby Park
623,Luciano,Dunsire,ldunsireha@army.mil,Male,5951540137,China,Sishilichengzi,75 Forest Center
624,Davin,Crannage,dcrannagehb@salon.com,Male,3094500606,China,Xilanqi,227 Muir Place
625,Staci,Foale,sfoalehc@wix.com,Female,6619494074,China,Lukou,1184 Kenwood Circle
626,Paddie,Gerish,pgerishhd@vkontakte.ru,Male,5763343030,Bulgaria,Chirpan,77895 Vernon Alley
627,Horacio,Reany,hreanyhe@tamu.edu,Male,7763102158,Ukraine,Hulyaypole,16643 Granby Terrace
628,Alano,Killigrew,akilligrewhf@blogger.com,Male,3853694277,France,Vandœuvre-lès-Nancy,9682 Arizona Alley
629,Rodolphe,Carvilla,rcarvillahg@netlog.com,Male,2613112914,Serbia,Bačka Palanka,51 Bonner Plaza
630,Christoph,Ahrens,cahrenshh@posterous.com,Male,2583788670,Sweden,Stocksund,7 Coleman Park
631,Imelda,McGee,imcgeehi@dailymotion.com,Female,1303622434,China,Yuzhou,163 Golf View Center
632,Daryl,Boston,dbostonhj@exblog.jp,Female,8593071651,United States,Lexington,9 Nancy Street
633,Ignace,Yegoshin,iyegoshinhk@berkeley.edu,Male,7672404239,Albania,Frashër,758 Tomscot Avenue
634,Giraldo,Pietersma,gpietersmahl@latimes.com,Male,2003796473,China,Lamawan,097 Browning Way
635,Des,Sweeney,dsweeneyhm@mit.edu,Male,4622521457,Philippines,Paraiso,0457 Carey Circle
636,Bryce,Abbatucci,babbatuccihn@paginegialle.it,Male,1258813352,Ukraine,Chervonohryhorivka,02 Susan Alley
637,Abby,Kent,akentho@paginegialle.it,Female,9748090041,China,Longhuashan,7159 Sloan Place
638,Robbi,Sign,rsignhp@quantcast.com,Female,2199594149,Poland,Werbkowice,7278 Pankratz Way
639,Aleece,Slavin,aslavinhq@shutterfly.com,Female,5509074731,China,Weiyuan,29086 Portage Junction
640,Julienne,Aldwich,jaldwichhr@boston.com,Female,3637063931,Belarus,Horad Pinsk,0 Nobel Terrace
641,Jorrie,Plain,jplainhs@reference.com,Female,4986606933,Brazil,Guaratuba,98 Aberg Junction
642,Candra,Ryton,crytonht@irs.gov,Female,4487251951,Croatia,Kašina,2815 Merrick Road
643,Phebe,Comizzoli,pcomizzolihu@rediff.com,Female,6271707590,Indonesia,Pasar,1 Loftsgordon Hill
644,Tarrance,Sugarman,tsugarmanhv@bizjournals.com,Male,9421969895,Afghanistan,Qal‘ah-ye Na‘īm,4 Donald Drive
645,Karlan,Matchell,kmatchellhw@ebay.com,Polygender,5894268680,Peru,Bajo Pichanaqui,8805 Eagan Terrace
646,Costanza,Hast,chasthx@issuu.com,Female,2246595801,China,Hekou,4 Northland Junction
647,Ruthie,Rickersy,rrickersyhy@princeton.edu,Female,6775227870,Norway,Oslo,6980 Center Center
648,Jana,Persian,jpersianhz@storify.com,Female,5347797476,Tunisia,Al Wardānīn,28 8th Terrace
649,Katharyn,Soutter,ksoutteri0@shutterfly.com,Female,5132559882,China,Baliang,14340 Sundown Lane
650,Joanie,McBrearty,jmcbreartyi1@domainmarket.com,Female,3695814594,Yemen,Al Khawkhah,3 Coolidge Avenue
651,Issie,Blaza,iblazai2@amazon.co.uk,Female,9808065315,El Salvador,Guazapa,03003 Steensland Center
652,Lauri,Margerison,lmargerisoni3@wired.com,Female,6833458712,Panama,Chigoré,4 Artisan Circle
653,Tamra,Bedinham,tbedinhami4@cnbc.com,Polygender,6732331338,Philippines,Caigangan,66519 Kinsman Crossing
654,Dirk,Douse,ddousei5@printfriendly.com,Male,5185565887,United States,Schenectady,4392 Talisman Center
655,Angelika,Wix,awixi6@ox.ac.uk,Female,6569167710,Philippines,Tapilon,5 Donald Lane
656,Erinn,Sollis,esollisi7@marketwatch.com,Female,9532502578,Brazil,Osvaldo Cruz,984 Burning Wood Parkway
657,Tiler,Dinesen,tdineseni8@yale.edu,Male,7547993130,Russia,Sosnovka,9584 School Center
658,Edmund,Fife,efifei9@cnet.com,Male,1277298345,Japan,Ōmamachō-ōmama,574 Straubel Crossing
659,Ilyse,Gopsell,igopsellia@theguardian.com,Female,7068643684,China,Pingya,7 Butternut Point
660,Micheal,Wallett,mwallettib@freewebs.com,Male,3728584795,Paraguay,Isla Pucú,0 Harbort Junction
661,Laurel,Tabert,ltabertic@nyu.edu,Female,6817249724,Indonesia,Pasirnangka,24347 Jenifer Avenue
662,Dru,Bindin,dbindinid@cisco.com,Male,1949679494,France,Bordeaux,812 Packers Drive
663,Rayna,Polly,rpollyie@tuttocitta.it,Agender,2107549440,Cuba,Batabanó,2386 Merchant Lane
664,Dotty,Nunes Nabarro,dnunesnabarroif@oracle.com,Female,3849736541,Indonesia,Ciseuseupan,16 Stang Way
665,Leigh,Langforth,llangforthig@columbia.edu,Male,8484580261,Tanzania,Ifakara,77235 Boyd Pass
666,Lorelei,Bartak,lbartakih@angelfire.com,Female,2696480194,Argentina,General La Madrid,135 Garrison Avenue
667,Freemon,Feld,ffeldii@jugem.jp,Male,4547155581,Sweden,Västerås,4 Boyd Parkway
668,Dael,Lermit,dlermitij@deliciousdays.com,Female,5063599777,Brazil,Nova Petrópolis,3 Mcbride Trail
669,Oliy,McCutheon,omccutheonik@squidoo.com,Female,6007184269,Philippines,Kinalaglagan,177 Spaight Circle
670,Jermayne,Jerzycowski,jjerzycowskiil@msu.edu,Male,6788995124,Sweden,Bromma,4 Anthes Hill
671,Julieta,Innott,jinnottim@sciencedaily.com,Female,9364515126,Honduras,Minas de Oro,05574 Hollow Ridge Park
672,Ilka,Beadham,ibeadhamin@e-recht24.de,Female,5704483325,Ukraine,Turka,4 Elmside Drive
673,Valene,Stearn,vstearnio@qq.com,Female,6991817874,Japan,Sueyoshichō-ninokata,604 Village Terrace
674,Shurwood,Heineken,sheinekenip@pcworld.com,Male,6752283808,Colombia,El Peñol,43 Talisman Way
675,Flore,Fust,ffustiq@state.gov,Female,7546337019,Indonesia,Bonak,8916 Memorial Way
676,Bran,MacAnellye,bmacanellyeir@unicef.org,Male,7107553993,Ukraine,Kalyny,46333 Vermont Crossing
677,Brenda,McNulty,bmcnultyis@vinaora.com,Female,1676598250,Poland,Nowy Sącz,84354 Namekagon Way
678,Ingelbert,Tyrrell,ityrrellit@google.nl,Male,9022331362,Brazil,Patrocínio,40576 Prentice Trail
679,Elonore,Paty,epatyiu@webnode.com,Female,5105678046,Philippines,Sultan Kudarat,6687 Coolidge Pass
680,Drucie,Leifer,dleiferiv@gmpg.org,Female,6142828314,Indonesia,Kletek,78 Upham Trail
681,Ric,Shingler,rshingleriw@timesonline.co.uk,Male,1945677427,Mali,Sokolo,1 Summerview Trail
682,Carola,Issett,cissettix@ca.gov,Female,1936064575,Indonesia,Ciwaru,46053 Schurz Drive
683,Pincas,Serridge,pserridgeiy@wsj.com,Polygender,5458596906,China,Piaocao,8 Cherokee Junction
684,Cookie,O Mullen,comulleniz@huffingtonpost.com,Female,6859862809,Indonesia,Gubukjero Timuk,272 Lawn Plaza
685,Cherice,Blaine,cblainej0@forbes.com,Female,2299192838,China,Songkeng,63 Mallard Hill
686,Florida,Swateridge,fswateridgej1@prweb.com,Female,4498467080,China,Chuantang,90207 Mitchell Road
687,Halsey,Flavelle,hflavellej2@sbwire.com,Male,5449511979,Poland,Brody,3637 Bellgrove Pass
688,Hartley,Nockles,hnocklesj3@java.com,Male,1274454627,Finland,Pyhäselkä,49151 Corry Park
689,Harlan,Helgass,hhelgassj4@mail.ru,Male,4309721093,Russia,Karabanovo,30984 Old Gate Lane
690,Alina,Fendt,afendtj5@bigcartel.com,Female,4642638523,China,Yangxi,4267 Morrow Drive
691,Katee,Vineall,kvineallj6@google.it,Female,9506108789,China,Qiaotou,570 Green Ridge Parkway
692,Alec,Ling,alingj7@blogger.com,Polygender,1805232757,Peru,Huayana,841 Thierer Crossing
693,Sherwood,Coaster,scoasterj8@statcounter.com,Male,8559922576,Poland,Karnice,5 Mallory Way
694,Morissa,Ribbens,mribbensj9@canalblog.com,Female,5059923407,Portugal,Carromeu,52534 Elmside Trail
695,Heindrick,Ewing,hewingja@un.org,Male,2411429488,Brazil,Ariquemes,0033 Sherman Avenue
696,Teador,Johnston,tjohnstonjb@dion.ne.jp,Male,7922050836,Colombia,Sincé,82918 Redwing Court
697,Marty,Harrema,mharremajc@smh.com.au,Male,8966710322,Nigeria,Katagum,9042 Vidon Point
698,Bernadene,M'Quhan,bmquhanjd@163.com,Female,3345872491,China,Taishang,42 Fisk Street
699,Marlena,Elia,meliaje@dedecms.com,Female,5707912124,Indonesia,Sarkanjut,01 Graedel Park
700,Laura,Force,lforcejf@dropbox.com,Female,8486416481,Greece,Kalpáki,8235 Pennsylvania Way
701,Harrie,Bird,hbirdjg@yahoo.co.jp,Female,8273497207,Mexico,Santa Cecilia,7165 7th Circle
702,Sonnie,Thowless,sthowlessjh@barnesandnoble.com,Male,1477103757,Syria,Al Qadmūs,1 Pawling Way
703,Reade,Pull,rpullji@nba.com,Male,5868430588,Indonesia,Reuleuet,1 Susan Avenue
704,Stepha,Kelley,skelleyjj@hao123.com,Female,6993972052,Philippines,San Isidro,2 Lakewood Lane
705,Enrichetta,Vaud,evaudjk@sciencedaily.com,Female,5543069853,China,Duofudu,53026 Holy Cross Center
706,Demetra,Harnott,dharnottjl@liveinternet.ru,Female,8952799227,China,Leiguan,60855 Heath Junction
707,Geri,Camus,gcamusjm@flickr.com,Male,5051557146,Armenia,Kotayk’,67 Butternut Way
708,Bee,Simnel,bsimneljn@prweb.com,Female,8083667128,Sweden,Umeå,892 Longview Way
709,Benedetto,Gerardeaux,bgerardeauxjo@ustream.tv,Male,9492621467,Indonesia,Leuwayang,34 Glendale Street
710,Adah,Connar,aconnarjp@yelp.com,Female,9072439054,China,Jianshan,52233 3rd Circle
711,Ciel,Syalvester,csyalvesterjq@illinois.edu,Female,4583777517,El Salvador,Chinameca,29 Helena Place
712,Celle,Castanyer,ccastanyerjr@weather.com,Female,8141559861,Indonesia,Panji,14 Eagle Crest Street
713,Cortney,Mounter,cmounterjs@auda.org.au,Female,8561305662,Indonesia,Duwakkandung,9355 3rd Lane
714,Sisely,Espadate,sespadatejt@si.edu,Female,5992480705,Iran,Fīrūzābād,1640 Sherman Street
715,Alicea,Cutcliffe,acutcliffeju@businesswire.com,Female,3382549663,Honduras,Iralaya,907 Tomscot Hill
716,Em,Radden,eraddenjv@go.com,Male,1069672296,Philippines,Limbuhan,1622 Oxford Pass
717,Andris,Warrior,awarriorjw@bizjournals.com,Genderfluid,1626575600,Ukraine,Fastiv,6 Spaight Plaza
718,Bink,Pennuzzi,bpennuzzijx@phoca.cz,Male,4913850570,Ukraine,Kobleve,95 Riverside Crossing
719,Killy,Bleything,kbleythingjy@4shared.com,Male,2883615479,Afghanistan,Charikar,6 Cherokee Hill
720,Marion,Pamphilon,mpamphilonjz@about.com,Female,3045642937,Malaysia,Kuala Terengganu,579 Sachtjen Trail
721,Bili,Wasmuth,bwasmuthk0@elegantthemes.com,Female,7081736615,Ireland,Balally,8 Forster Pass
722,Issie,Hane,ihanek1@paginegialle.it,Female,6222598676,Saint Lucia,Soufrière,35902 Crowley Parkway
723,Ula,Buye,ubuyek2@upenn.edu,Female,5707764192,United States,Wilkes Barre,1644 Bartelt Road
724,Karine,Smeeth,ksmeethk3@google.ca,Female,5096218524,Portugal,Alqueva,06301 Schurz Junction
725,Lita,Lanahan,llanahank4@blogspot.com,Female,5504840935,Fiji,Nadi,5 Crescent Oaks Plaza
726,Ad,Gillford,agillfordk5@google.co.jp,Bigender,5207275180,Cuba,Habana del Este,6 Gulseth Court
727,Letisha,MacAllester,lmacallesterk6@thetimes.co.uk,Female,2613781967,Indonesia,Konga,218 Havey Point
728,Yorker,Audus,yaudusk7@psu.edu,Male,6437077005,Argentina,Granadero Baigorria,08 Buell Park
729,Irvine,Langstone,ilangstonek8@virginia.edu,Agender,3728464003,Lithuania,Rokiškis,8 Center Crossing
730,Willetta,Macura,wmacurak9@netvibes.com,Female,9125702341,South Korea,Munsan,23798 Union Plaza
731,Claudelle,Gerg,cgergka@census.gov,Agender,4504236818,Portugal,Amor,7 Clemons Terrace
732,Bale,Shuter,bshuterkb@barnesandnoble.com,Male,4678309875,Belarus,Lahoysk,3 Mariners Cove Point
733,Penn,Bonifant,pbonifantkc@fema.gov,Male,9138099928,Argentina,Puerto Eldorado,707 Charing Cross Junction
734,Augusto,Catteroll,acatterollkd@stumbleupon.com,Male,4283673632,Argentina,Bell Ville,339 Quincy Circle
735,Kevon,Sturror,ksturrorke@newyorker.com,Male,1218910479,Serbia,Nakovo,432 Canary Place
736,Brinna,Wilhelmy,bwilhelmykf@alibaba.com,Female,9721242970,Mongolia,Uliastay,47865 Hagan Hill
737,Maddy,Rickeard,mrickeardkg@geocities.com,Polygender,1929232631,Canada,Lloydminster,3868 Bultman Avenue
738,Abdel,Blannin,ablanninkh@slideshare.net,Male,6423767190,Iran,Behbahān,95183 Talmadge Hill
739,Georgeanna,Chaplin,gchaplinki@businessweek.com,Female,1157760390,Slovenia,Solkan,7106 Northwestern Pass
740,Edgar,Brimacombe,ebrimacombekj@utexas.edu,Male,8771059047,Tanzania,Nungwi,4 Parkside Park
741,Purcell,Yonnie,pyonniekk@un.org,Male,5169253489,France,Paris 12,131 Sachtjen Terrace
742,Keri,O'Canavan,kocanavankl@hubpages.com,Female,9625628235,Poland,Nowogard,14 East Circle
743,Thornie,Sympson,tsympsonkm@miibeian.gov.cn,Male,1414489284,Russia,Rzhev,2845 Haas Hill
744,Alexio,Rosier,arosierkn@fastcompany.com,Male,4961927054,Russia,Dalmatovo,11342 Manitowish Street
745,Meghann,Clayden,mclaydenko@arstechnica.com,Female,9818676964,Saint Lucia,Soufrière,01 Grover Crossing
746,Jeffrey,Airy,jairykp@example.com,Male,1303617409,Philippines,Buluangan,4611 Novick Junction
747,Con,Fennelow,cfennelowkq@fotki.com,Female,5207836163,Indonesia,Pangkalan Kasai,836 Birchwood Parkway
748,Pembroke,Slyvester,pslyvesterkr@jugem.jp,Male,3292916409,Kazakhstan,Bayanaūyl,8588 Nelson Way
749,Maxim,Gurling,mgurlingks@wikispaces.com,Male,5977033179,Peru,Laraos,64135 Graedel Lane
750,Elna,Meech,emeechkt@ca.gov,Non-binary,8209398043,Russia,Shirochanka,871 Basil Pass
751,Frederic,Lanceley,flanceleyku@reference.com,Agender,8792872197,Czech Republic,Proboštov,1 Bashford Terrace
752,Garfield,Castanie,gcastaniekv@prlog.org,Male,4034372371,Russia,Lakhdenpokh’ya,9 Aberg Circle
753,Durante,Broxup,dbroxupkw@biglobe.ne.jp,Male,7107333927,Argentina,Viale,35308 Londonderry Street
754,Fidel,Tremblot,ftremblotkx@timesonline.co.uk,Male,6791283381,Russia,Nerekhta,81777 Anzinger Park
755,Kaitlyn,Tebb,ktebbky@ucoz.com,Female,9066747397,Greece,Rizó,6 Emmet Drive
756,Hilton,Gossage,hgossagekz@statcounter.com,Male,3401093301,Indonesia,Kawaliwu,479 Bluestem Avenue
757,Phedra,De Francisci,pdefranciscil0@ycombinator.com,Female,4491156346,Latvia,Līgatne,65 Golf Alley
758,Vanna,Bourton,vbourtonl1@taobao.com,Female,3576690376,Indonesia,Sudo,002 Grasskamp Circle
759,Rina,Benford,rbenfordl2@reddit.com,Female,5235701132,Dominican Republic,El Peñón,877 Ilene Drive
760,Thorn,Gowrich,tgowrichl3@cnbc.com,Male,5743707484,Argentina,Azul,559 Sheridan Way
761,Patrizius,Wetton,pwettonl4@nyu.edu,Male,9461502259,Finland,Pertunmaa,045 Hauk Drive
762,Saxon,McNeilley,smcneilleyl5@ucla.edu,Genderfluid,1312815953,China,Qixian,71 Cherokee Place
763,Aggi,Rooper,arooperl6@senate.gov,Female,7737789168,Indonesia,Ayotupas,85780 Steensland Trail
764,Kaylyn,Hrinchenko,khrinchenkol7@slate.com,Female,1792744071,Indonesia,Sukamantri Satu,14672 Reinke Park
765,Fritz,Cawthra,fcawthral8@vkontakte.ru,Male,7523517746,Canada,Sainte-Thérèse,84 American Crossing
766,Karoly,Blench,kblenchl9@uiuc.edu,Male,8333701384,Netherlands,Leiden,29401 Pankratz Junction
767,Zeke,Attkins,zattkinsla@yandex.ru,Non-binary,4494809989,Russia,Dulyapino,0647 Bellgrove Way
768,Jonell,Gathercole,jgathercolelb@istockphoto.com,Female,9031921885,Ukraine,Livadiya,88097 Morningstar Pass
769,Gussie,Clutterbuck,gclutterbucklc@rediff.com,Female,6873438168,Canada,Mont-Joli,496 Express Crossing
770,Agata,Pincked,apinckedld@reverbnation.com,Female,3122471754,Syria,Khirbat Tīn Nūr,77059 Old Shore Plaza
771,Delaney,Bleier,dbleierle@dropbox.com,Male,7668979817,Brazil,Gurupi,1039 Nancy Point
772,Konstantine,Haily,khailylf@mtv.com,Male,2231038492,Portugal,Portela,41 Elgar Parkway
773,Carter,Hamblyn,chamblynlg@bloglovin.com,Male,6566905208,Russia,Blagodarnyy,9 Nancy Drive
774,Giselbert,Elner,gelnerlh@live.com,Male,5812730638,Portugal,Pavia,3958 Lillian Road
775,Aura,Judd,ajuddli@redcross.org,Female,3622133423,Czech Republic,Horka nad Moravou,23 Fuller Junction
776,Edith,Menear,emenearlj@house.gov,Female,9793656768,Palestinian Territory,Bayt ‘Awwā,007 Pine View Road
777,Jackie,Tongue,jtonguelk@buzzfeed.com,Male,8037840890,Brazil,Beberibe,52728 Lotheville Street
778,Myca,Kilius,mkiliusll@engadget.com,Male,7065772634,Germany,Berlin,775 Goodland Terrace
779,Britta,Foyle,bfoylelm@typepad.com,Female,6415989453,Russia,Solntsevo,7 Monica Parkway
780,Earl,Smye,esmyeln@stumbleupon.com,Male,8311196935,Philippines,Cauayan,887 Sheridan Street
781,Sasha,Durbann,sdurbannlo@so-net.ne.jp,Bigender,4832235455,China,Bayan,1758 Service Junction
782,Mahmoud,Bushel,mbushellp@answers.com,Agender,1387028290,Russia,Kusak,86 Bay Parkway
783,Belia,Gino,bginolq@engadget.com,Female,6025429374,Greece,Asíni,045 Mcbride Point
784,Joyan,Pettifer,jpettiferlr@simplemachines.org,Female,7446713996,Indonesia,Cantuk Kidul,3 Cascade Parkway
785,Elwood,Bygreaves,ebygreavesls@abc.net.au,Male,6776890474,Indonesia,Jalanbaru,4 Monica Terrace
786,Rica,Hardinge,rhardingelt@seattletimes.com,Female,9628288775,Portugal,Monção,58676 Pine View Crossing
787,Woodie,Mitford,wmitfordlu@omniture.com,Male,6137751797,Uzbekistan,Tomdibuloq,92110 Jackson Point
788,Dominga,Baum,dbaumlv@reverbnation.com,Female,4812907859,China,Tuxi,2 Ramsey Pass
789,Shirline,Commander,scommanderlw@wix.com,Female,3491028752,Russia,Shatki,51990 Brown Avenue
790,Kristoforo,Krout,kkroutlx@nasa.gov,Male,2935495217,Lithuania,Vievis,66136 Springview Terrace
791,Theodoric,Deniset,tdenisetly@alibaba.com,Male,4633401294,Sweden,Stockholm,806 Shoshone Street
792,Annette,Pieche,apiechelz@woothemes.com,Female,9948666824,France,Poitiers,9 Cody Terrace
793,Blanch,Heys,bheysm0@delicious.com,Female,5307762229,Philippines,Pag-asa,8 Schiller Court
794,Cissy,Ferrierio,cferrieriom1@csmonitor.com,Female,8066178510,Yemen,Ḩadādah,3757 Oriole Way
795,Kleon,Seelbach,kseelbachm2@godaddy.com,Male,7445900014,Greece,Kítsi,7311 Acker Street
796,Merell,Savins,msavinsm3@icq.com,Male,6513512610,China,Erdaobaihe,2 Eastwood Trail
797,Flinn,Orman,formanm4@vistaprint.com,Male,9061725916,China,Nanshe,68056 Carey Circle
798,Angus,Cassar,acassarm5@51.la,Male,1989907052,France,Rennes,2724 Vernon Center
799,Rorke,Brasseur,rbrasseurm6@devhub.com,Male,9435261668,China,Magutian,4266 Lotheville Center
800,Geoffry,Ducker,gduckerm7@examiner.com,Male,6617460310,Indonesia,Kiuola,44265 Myrtle Place
801,Clair,Seelbach,cseelbachm8@wsj.com,Male,3802345224,Indonesia,Muting,1274 North Drive
802,Willabella,Hastler,whastlerm9@xrea.com,Female,5273887499,Philippines,Atimonan,2457 Ruskin Hill
803,Ernie,Mityashev,emityashevma@sitemeter.com,Male,8055101198,China,Qianwei,10776 Debra Plaza
804,Stan,Sesser,ssessermb@ucoz.com,Male,7776401847,Thailand,Phu Sang,0329 Norway Maple Circle
805,Anita,Deble,adeblemc@ezinearticles.com,Female,9724898424,United States,Dallas,1 Cardinal Center
806,Daisey,Cahey,dcaheymd@guardian.co.uk,Female,1802457551,Portugal,Maganha,56 Messerschmidt Hill
807,Nicolina,Zavattiero,nzavattierome@drupal.org,Female,3122059753,Mexico,Buenavista,2 Holy Cross Park
808,Gil,Sennett,gsennettmf@sciencedirect.com,Male,6405969907,Philippines,Santa Teresita,08468 Memorial Trail
809,Skye,Dymott,sdymottmg@bloglovin.com,Male,6866532251,China,Eman,0 Bowman Parkway
810,Elvis,Ivanichev,eivanichevmh@nba.com,Male,5125913570,United States,Austin,56308 Helena Street
811,Ginevra,Calwell,gcalwellmi@blogger.com,Agender,1324107239,Bulgaria,Aytos,58634 Goodland Place
812,Giffie,Mance,gmancemj@comcast.net,Male,8341099974,Thailand,Bang Pakong,20641 Birchwood Trail
813,Colene,Arunowicz,carunowiczmk@wikipedia.org,Female,7412170874,Brazil,Simões Filho,97533 Acker Point
814,Brynna,Friar,bfriarml@tumblr.com,Genderfluid,7849012477,China,Liqiao,16 South Crossing
815,Kirstin,Bradman,kbradmanmm@marketwatch.com,Female,2371421951,China,Futian,3 Portage Terrace
816,Thorny,Geroldi,tgeroldimn@amazonaws.com,Male,9907706760,Poland,Nowy Sącz,2 Cardinal Circle
817,Tabina,Churchlow,tchurchlowmo@themeforest.net,Female,4979244311,Philippines,Hernani,783 Forest Run Point
818,Zabrina,Doyland,zdoylandmp@ebay.co.uk,Female,6182676807,China,Xinjiebu,2603 Autumn Leaf Junction
819,Corny,Manes,cmanesmq@shutterfly.com,Female,7014799041,France,Quetigny,51 Jenifer Street
820,Schuyler,Shoebottom,sshoebottommr@sina.com.cn,Male,4492582131,Iran,Bāfq,3 Dennis Junction
821,Sargent,Selbach,sselbachms@bloglovin.com,Male,6817871182,China,Shuanghe,80043 Carpenter Terrace
822,Kimbra,Frampton,kframptonmt@berkeley.edu,Female,6008836727,Burundi,Buganda,530 Talisman Park
823,Donny,Kleinzweig,dkleinzweigmu@skyrock.com,Female,6027738471,China,Hengpi,94510 Clyde Gallagher Parkway
824,Mickey,McGarrell,mmcgarrellmv@google.de,Male,2114875155,France,Tournon-sur-Rhône,993 Maryland Court
825,Dorella,Banstead,dbansteadmw@merriam-webster.com,Female,1095114356,Morocco,Zaïo,51 Ilene Lane
826,Terry,Acaster,tacastermx@ovh.net,Male,2469866369,Croatia,Zagreb - Centar,33 Old Shore Junction
827,Nicholas,Youhill,nyouhillmy@china.com.cn,Male,9852722403,Kazakhstan,Bayanaūyl,88 Pankratz Plaza
828,Gertrudis,Vasilchenko,gvasilchenkomz@ovh.net,Female,3471497773,China,Jianggezhuang,595 Coolidge Pass
829,Candace,Welds,cweldsn0@army.mil,Female,2128759663,Democratic Republic of the Congo,Bosobolo,9650 Waxwing Park
830,Iona,Minger,imingern1@foxnews.com,Female,2271835730,Myanmar,Pyinmana,9 Parkside Avenue
831,Leisha,Killwick,lkillwickn2@nytimes.com,Female,7238919585,Kenya,Keruguya,2164 Orin Junction
832,Chicky,Burgoin,cburgoinn3@163.com,Female,5057906934,Vietnam,Thị Trấn Mù Cang Chải,87678 Butternut Drive
833,Cristian,Hanington,chaningtonn4@sfgate.com,Male,9201180787,Slovenia,Morje,0 Claremont Court
834,Giordano,Swatridge,gswatridgen5@hud.gov,Male,7141055610,United States,Santa Ana,838 Bellgrove Court
835,Briggs,Cluff,bcluffn6@artisteer.com,Male,4163589315,China,Haimen,67 Mosinee Way
836,Coleen,Epps,ceppsn7@state.gov,Female,6036808485,Indonesia,Nagarakembang,7732 Toban Court
837,Hadlee,Nisen,hnisenn8@reverbnation.com,Male,9899135083,United States,Saginaw,86 Columbus Parkway
838,Jessa,Lamlin,jlamlinn9@economist.com,Non-binary,6599553585,Micronesia,Palikir - National Government Center,5813 Warrior Way
839,Winfred,Lockhart,wlockhartna@ebay.co.uk,Male,4043991028,Philippines,Bantacan,2977 Loomis Street
840,Clem,Petegre,cpetegrenb@businessweek.com,Male,3464189127,South Africa,Carletonville,356 Independence Circle
841,Eleen,Nuton,enutonnc@myspace.com,Bigender,9946977180,Brazil,Prado,0061 Melrose Point
842,Ardella,Leverson,aleversonnd@harvard.edu,Female,8762019322,China,Hedong,9103 Reindahl Plaza
843,Brittan,Lauder,blauderne@icq.com,Female,7193100126,United States,Colorado Springs,2798 Clyde Gallagher Park
844,Don,Lancetter,dlancetternf@amazon.co.uk,Male,6177563476,China,Wuci,69349 Hagan Way
845,Flory,Josephov,fjosephovng@globo.com,Female,6391380429,Uganda,Lyantonde,979 Norway Maple Avenue
846,Latisha,Rhelton,lrheltonnh@mapquest.com,Female,6903844104,France,Paris 19,87 Namekagon Hill
847,Anatollo,Bastard,abastardni@slate.com,Male,9879439265,Germany,Berlin,4365 Butternut Trail
848,Royce,Polet,rpoletnj@nhs.uk,Genderfluid,1238974662,France,Arcachon,2742 West Way
849,Durand,Serraillier,dserrailliernk@shareasale.com,Male,6018696213,Saudi Arabia,Mizhirah,89 Crescent Oaks Trail
850,Frederique,Racher,frachernl@slate.com,Female,2765080808,Slovenia,Lukovica pri Domžalah,097 Kings Junction
851,Cam,Bourgourd,cbourgourdnm@blogs.com,Female,1186990768,France,Montpellier,90154 Northwestern Point
852,Randolf,Jachimczak,rjachimczaknn@walmart.com,Male,3712088124,Ukraine,Tatarbunary,04055 Myrtle Lane
853,Tarrah,Arnoll,tarnollno@imdb.com,Female,3027190767,Indonesia,Sukoanyar,34908 Steensland Hill
854,Pall,Balmadier,pbalmadiernp@addthis.com,Male,7749642893,United Kingdom,Hatton,67 Meadow Vale Avenue
855,Araldo,Winkett,awinkettnq@qq.com,Male,8945112671,Sweden,Mölndal,99 Clyde Gallagher Drive
856,Engracia,Pentlow,epentlownr@mysql.com,Female,1128595474,Czech Republic,Veřovice,533 Muir Park
857,Paulo,Rosi,prosins@mysql.com,Male,7197419229,Latvia,Ragana,10043 Brown Alley
858,Ludovico,Baudouin,lbaudouinnt@sakura.ne.jp,Male,8165441719,United States,Lees Summit,64 Warbler Center
859,Shani,Cowpland,scowplandnu@usa.gov,Female,9395785474,China,Dasha,56 Sauthoff Court
860,Hollis,Rosenstiel,hrosenstielnv@reverbnation.com,Male,6229548646,Indonesia,Krajan Dermawuharjo,9862 Cascade Pass
861,Nappie,Silburn,nsilburnnw@nsw.gov.au,Male,3982849568,Indonesia,Ndano,2348 Petterle Crossing
862,Minnnie,Salzberg,msalzbergnx@ca.gov,Agender,6751208922,Palestinian Territory,Bayt Maqdūm,3 Huxley Junction
863,Haley,Cholerton,hcholertonny@msu.edu,Male,9886821297,Indonesia,Sleman,4 Chive Plaza
864,Aurlie,Bradley,abradleynz@pinterest.com,Female,6468454025,Israel,Haifa,315 Roth Street
865,Jermaine,Newcomen,jnewcomeno0@symantec.com,Male,7608144010,Argentina,Hualfín,7133 Stone Corner Center
866,Melantha,Cheeseman,mcheesemano1@seattletimes.com,Female,6851729134,Albania,Kastrat,091 Calypso Trail
867,Christina,Fowkes,cfowkeso2@dyndns.org,Female,8078634380,Thailand,Ban Kruat,24826 Hoard Alley
868,Davide,MacLure,dmaclureo3@privacy.gov.au,Male,7374994277,Czech Republic,Čeladná,8 Maple Center
869,Dorthy,Ruddin,druddino4@ted.com,Agender,2509386880,China,Bayan Bulag,6678 Spohn Way
870,Kinsley,Mallam,kmallamo5@plala.or.jp,Male,5606403821,Philippines,San Quintin,2222 Pine View Center
871,Remy,Radband,rradbando6@auda.org.au,Female,6728410262,Philippines,Sugcad,225 Walton Crossing
872,Duke,Duplain,dduplaino7@ucoz.com,Male,9847365623,Uzbekistan,Qozonketkan,42 Lawn Point
873,Saree,Botly,sbotlyo8@rambler.ru,Female,6628120931,Pakistan,Lodhrān,68996 Union Center
874,Sigismundo,Feeny,sfeenyo9@google.cn,Male,9578038864,Malaysia,Alor Setar,368 Lerdahl Junction
875,Papageno,McRannell,pmcrannelloa@state.tx.us,Male,4076798168,Kosovo,Partesh,04 Sommers Plaza
876,Sayer,Hustler,shustlerob@eepurl.com,Male,9351833861,Montserrat,Plymouth,1728 Coleman Point
877,Calhoun,Grute,cgruteoc@auda.org.au,Male,2044377670,Sweden,Ludvika,52851 Buena Vista Point
878,Audi,Eldon,aeldonod@dedecms.com,Female,3617117601,Ghana,Duayaw Nkwanta,2128 Milwaukee Terrace
879,Carol,Dudden,cduddenoe@vk.com,Female,3054617965,Colombia,El Carmen,690 Novick Parkway
880,Josias,Thrasher,jthrasherof@artisteer.com,Male,4662916224,Russia,Mikhaylovsk,1 Basil Road
881,Christan,Songust,csongustog@comcast.net,Female,1541383659,Portugal,Cavadas,8 Carioca Crossing
882,Heall,Warsop,hwarsopoh@java.com,Male,5491265925,Canada,Catalina,95074 Straubel Avenue
883,Derry,Olanda,dolandaoi@hao123.com,Male,1057055060,Ukraine,Izyum,93 Ramsey Park
884,Malissa,Down,mdownoj@diigo.com,Female,5484961536,China,Baiyin,0499 Gateway Terrace
885,Dodi,Brychan,dbrychanok@themeforest.net,Female,8717633265,Thailand,Tha Mai,46 Gateway Trail
886,Willyt,Wedgwood,wwedgwoodol@blogspot.com,Female,5519440544,Slovenia,Kamnica,819 Brown Drive
887,Libby,Kingcott,lkingcottom@fda.gov,Female,1678337334,Poland,Kargowa,182 4th Terrace
888,Tait,Skirrow,tskirrowon@opensource.org,Male,1808863691,Colombia,Canalete,6 Anniversary Place
889,Regan,Pfeiffer,rpfeifferoo@wordpress.org,Female,9217317618,Iran,Shiraz,322 Ilene Crossing
890,Pierette,Copley,pcopleyop@issuu.com,Female,2169596710,Greece,Ierápetra,317 Stoughton Court
891,Malvin,Stubbin,mstubbinoq@g.co,Male,9345894749,China,Nanyuan,971 Manley Crossing
892,Robers,Tallowin,rtallowinor@weebly.com,Male,8704199556,Russia,Uchkulan,4609 Golf View Drive
893,Anderea,Minette,aminetteos@google.it,Female,8789770912,Russia,Mel’nikovo,8 Maryland Pass
894,Arlina,Leachman,aleachmanot@webmd.com,Female,8082973710,Sweden,Stockholm,63241 Dorton Center
895,Lincoln,Clorley,lclorleyou@webmd.com,Male,9194774772,United States,Raleigh,76 Monica Road
896,Nina,Vannar,nvannarov@who.int,Female,4722586956,Peru,San Antonio,4 Carioca Parkway
897,Rodrigo,Coathup,rcoathupow@bloglines.com,Male,7058620892,Greece,Kanáli,6176 Porter Trail
898,Suzann,Dudney,sdudneyox@elpais.com,Female,4168182479,Brazil,Cabo,98750 Brentwood Junction
899,Joscelin,Lapslie,jlapslieoy@miitbeian.gov.cn,Female,4149769018,China,Xumai,5694 Jenifer Avenue
900,Aldis,Ladewig,aladewigoz@toplist.cz,Male,5691927365,Indonesia,Krajan Dua Dawuan Wetan,4042 Old Shore Terrace
901,Davidde,Start,dstartp0@foxnews.com,Male,5109502129,Russia,Zyuzino,3809 Shoshone Park
902,Charyl,Lomaz,clomazp1@abc.net.au,Female,9411884272,Czech Republic,Líbeznice,99 Southridge Court
903,Vincenty,Peers,vpeersp2@networksolutions.com,Male,8358933593,Ecuador,Montalvo,7 Valley Edge Road
904,Alexandros,Deveral,adeveralp3@businessinsider.com,Male,5887336709,Brazil,Novo Hamburgo,9 Maple Wood Center
905,Dar,Cocher,dcocherp4@aol.com,Polygender,9942559912,Indonesia,Banjar Tiga,5 Bonner Junction
906,Priscella,Lowdeane,plowdeanep5@artisteer.com,Female,7516431630,Angola,Menongue,480 Pepper Wood Plaza
907,Randie,Tomek,rtomekp6@state.tx.us,Female,8393240669,Poland,Złotniki,35250 Prairie Rose Center
908,Timoteo,Harvard,tharvardp7@dagondesign.com,Male,2847447756,Japan,Iyo,866 Chinook Plaza
909,Anallise,Allone,aallonep8@tumblr.com,Female,1853479830,Brazil,Corupá,8 Helena Avenue
910,Alfredo,Soitoux,asoitouxp9@baidu.com,Male,2507625397,China,Kuaidamao,31785 Mendota Terrace
911,Lyle,Kohneke,lkohnekepa@ehow.com,Male,6126488695,Colombia,Quípama,024 Fair Oaks Crossing
912,Portie,Oleksinski,poleksinskipb@dot.gov,Male,4212062233,Indonesia,Nanggorak,58 Muir Plaza
913,Waverly,Curedale,wcuredalepc@springer.com,Male,9129289216,Argentina,Cipolletti,89 Graceland Plaza
914,Lincoln,Huntley,lhuntleypd@biglobe.ne.jp,Male,7284901872,China,Oula Xiuma,2 Eastwood Place
915,Derek,Whickman,dwhickmanpe@list-manage.com,Male,2065802028,United States,Seattle,86 Northridge Parkway
916,Jocelin,Balling,jballingpf@freewebs.com,Female,9302556490,China,Anhua,457 Barnett Plaza
917,Oralia,Dutt,oduttpg@hubpages.com,Female,4805968404,Russia,Ust’-Dzheguta,5 Fordem Junction
918,Waverly,Radbone,wradboneph@google.com.br,Male,5538645984,Russia,Chechen-Aul,10128 Schlimgen Junction
919,Fleming,Espinheira,fespinheirapi@boston.com,Male,4401998633,Indonesia,Singosari,74 Southridge Way
920,Alvy,Tessington,atessingtonpj@xing.com,Male,1325922781,Philippines,San Esteban,9207 Lakewood Gardens Junction
921,Maribel,Mapston,mmapstonpk@newsvine.com,Female,7933372508,Ukraine,Mizhhir’ya,033 Graedel Street
922,Mariam,Cattini,mcattinipl@e-recht24.de,Female,1213499499,Philippines,Bongao,58418 Straubel Pass
923,Hilary,Vakhlov,hvakhlovpm@linkedin.com,Male,4521786921,Guatemala,San Pedro Pinula,4 Sunnyside Plaza
924,Faythe,Blesdill,fblesdillpn@blogtalkradio.com,Female,1626698311,Saudi Arabia,‘Afīf,1 Tomscot Drive
925,Danyelle,Moriarty,dmoriartypo@fc2.com,Female,7794435021,Russia,Trudovoye,86 Tomscot Center
926,Stacy,Roads,sroadspp@livejournal.com,Male,9747696576,China,Yangmingbu,20319 Canary Street
927,Ritchie,Blencowe,rblencowepq@eventbrite.com,Male,9828789131,United Kingdom,Liverpool,2 Shasta Terrace
928,Larina,McJarrow,lmcjarrowpr@jiathis.com,Female,1845822599,Indonesia,Mandeman Daya,2457 Warbler Plaza
929,Cirilo,Metschke,cmetschkeps@bloglines.com,Male,6429537987,Greece,Elassóna,084 Loftsgordon Drive
930,Eduard,Sigert,esigertpt@ehow.com,Male,2546703109,France,Rueil-Malmaison,66584 Derek Crossing
931,Theodor,Dumberell,tdumberellpu@amazon.co.uk,Male,2695979360,Colombia,Cereté,868 Hoepker Avenue
932,Lemmy,Yosevitz,lyosevitzpv@reverbnation.com,Polygender,8562129927,China,Bieligutai,9 Bayside Lane
933,Temple,McGeneay,tmcgeneaypw@joomla.org,Male,1936390997,Russia,Yelizavetino,2 Iowa Crossing
934,Lanie,Lipp,llipppx@ycombinator.com,Male,4826331422,Colombia,Buenaventura,89 Emmet Court
935,Dorita,Mault,dmaultpy@photobucket.com,Female,8698041616,Sierra Leone,Tintafor,4236 Sachs Park
936,Monroe,Ashburner,mashburnerpz@t.co,Male,1845127567,China,Hedong,519 Pankratz Parkway
937,Carlyle,Davenall,cdavenallq0@businesswire.com,Male,8384046920,Czech Republic,Trnava,769 Linden Road
938,Ermina,Learoyd,elearoydq1@webmd.com,Female,5411997776,Canada,Hudson,333 Calypso Pass
939,Jeanelle,Mintoff,jmintoffq2@google.fr,Female,3491615491,Philippines,Tayug,28833 Oak Valley Avenue
940,Mariska,Chalice,mchaliceq3@ca.gov,Female,1078729323,Czech Republic,Peruc,5535 Hudson Point
941,Pet,Marchbank,pmarchbankq4@forbes.com,Female,6053157925,Belarus,Pyetrykaw,6 Hollow Ridge Place
942,Minor,Soldan,msoldanq5@unblog.fr,Male,8968125068,Thailand,Songkhla,70577 Oxford Hill
943,Adrianne,Dearman,adearmanq6@oakley.com,Female,9585908238,Somalia,Hargeysa,09415 Katie Park
944,Catina,Biskupiak,cbiskupiakq7@tuttocitta.it,Female,6895304000,Russia,Sovetskaya Gavan’,04557 Transport Trail
945,Mort,Perdue,mperdueq8@java.com,Male,9124733214,Japan,Izumo,3835 Gerald Hill
946,Marcille,Tibbits,mtibbitsq9@discuz.net,Female,6263895839,United States,Pasadena,82 Roth Alley
947,Warren,Farnell,wfarnellqa@dmoz.org,Male,1027997289,Brazil,Humaitá,4379 Spohn Terrace
948,Alta,Nail,anailqb@who.int,Female,1772626607,Philippines,Talavera,95374 Colorado Street
949,Mathilda,Haugg,mhauggqc@cisco.com,Female,1128859999,China,Dagang,5226 Lake View Way
950,Nananne,Pasby,npasbyqd@blog.com,Female,6326732329,Russia,Usukhchay,895 Merrick Alley
951,Gisella,Sherewood,gsherewoodqe@cnbc.com,Female,8917772901,Argentina,Cipolletti,99071 Oak Valley Trail
952,Anatole,Overall,aoverallqf@spiegel.de,Male,4085189822,Poland,Miętne,6 School Point
953,Kathleen,Hazelgrove,khazelgroveqg@netlog.com,Female,8046176557,Indonesia,Poteran,4877 Killdeer Plaza
954,Emmott,Probate,eprobateqh@dyndns.org,Male,1722523343,Philippines,San Vicente,1 Valley Edge Terrace
955,Launce,Hannah,lhannahqi@java.com,Male,1698466820,China,Jianyangping,232 Spenser Point
956,Mitzi,Skene,mskeneqj@live.com,Female,1768904539,Indonesia,Panyindangan,34037 Bowman Place
957,Jaime,O'Neary,jonearyqk@washingtonpost.com,Male,7529096316,Yemen,Al Ḩazm,81960 Leroy Hill
958,Chandra,Sneezem,csneezemql@multiply.com,Female,5781032549,China,Ziketan,5655 Hintze Parkway
959,Adelaida,Bertouloume,abertouloumeqm@alibaba.com,Female,6483682487,China,Libao,6 Holy Cross Drive
960,Imogene,Jacquet,ijacquetqn@google.com.au,Bigender,3927512324,Peru,Samanco,1651 Sunbrook Alley
961,Stinky,Girardetti,sgirardettiqo@yolasite.com,Male,3746742152,Bolivia,San Julian,18 Anthes Park
962,Trixy,Nazair,tnazairqp@spiegel.de,Female,3034359601,Thailand,Nakhon Luang,1023 American Ash Court
963,Darlene,Saura,dsauraqq@ox.ac.uk,Female,1123876255,Guatemala,Santa Ana,8014 Judy Trail
964,Mireille,Sinnott,msinnottqr@ycombinator.com,Female,1964207226,Norway,Oslo,3151 Morning Trail
965,Tawsha,Rosario,trosarioqs@opensource.org,Female,5594821105,Malaysia,Kota Kinabalu,3 Jay Road
966,Thaxter,Heustice,theusticeqt@reference.com,Male,1886262599,Ireland,Greenhills,77437 Sunbrook Plaza
967,Weber,Dolan,wdolanqu@cornell.edu,Male,8356572118,Russia,Pushkino,0826 Pine View Trail
968,Nealon,Mundall,nmundallqv@tamu.edu,Male,3749953038,Argentina,Villa Mercedes,5602 Drewry Place
969,Silvain,Mansion,smansionqw@twitter.com,Male,3101288903,Thailand,Fao Rai,2 Grim Point
970,Arvin,Bollon,abollonqx@umn.edu,Male,3583489159,China,Lanyi,042 Bowman Avenue
971,Derry,Rizon,drizonqy@issuu.com,Male,9577998346,Canada,Petrolia,6 Susan Hill
972,Torr,Pamplin,tpamplinqz@ycombinator.com,Bigender,8197409870,China,Kongkeshu,9 Ryan Road
973,Alleen,Thompkins,athompkinsr0@studiopress.com,Non-binary,9907310681,Indonesia,Rukem,0339 Derek Circle
974,Karlik,Mawdsley,kmawdsleyr1@cloudflare.com,Male,3406771686,Morocco,Tiztoutine,23469 Dryden Plaza
975,Pam,Presho,ppreshor2@ted.com,Female,6647606648,Colombia,Mahates,2 Quincy Center
976,Lise,Cornils,lcornilsr3@gmpg.org,Female,5106891428,Brazil,Carazinho,9588 Rutledge Park
977,Carlin,Say,csayr4@constantcontact.com,Male,5619209141,Philippines,Barotac Nuevo,664 Kennedy Crossing
978,Alexander,Lilburne,alilburner5@eventbrite.com,Male,2817567427,Ivory Coast,Abengourou,360 Thierer Parkway
979,Livvie,Summersby,lsummersbyr6@feedburner.com,Female,9931019204,Brazil,Paracuru,1609 Southridge Hill
980,Rici,Herion,rherionr7@blinklist.com,Female,9717829858,China,Lianyi,2 Arkansas Street
981,Diannne,Hlavac,dhlavacr8@merriam-webster.com,Female,8109476699,Poland,Frydek,7 Center Park
982,Bryanty,Ebbitt,bebbittr9@soup.io,Male,8239305786,Brazil,Limeira,44382 Myrtle Center
983,Arluene,Collingham,acollinghamra@vk.com,Female,4169148847,Armenia,Ararat,28 Forest Center
984,Dennie,Arnott,darnottrb@1und1.de,Male,8553946047,Venezuela,Upata,4074 Karstens Park
985,Byram,Simchenko,bsimchenkorc@dot.gov,Male,6937026684,Brazil,Gravataí,06 International Lane
986,Eliot,Boxhall,eboxhallrd@cmu.edu,Male,1631452249,Portugal,Pereira,3 Del Mar Park
987,Zared,Dalyell,zdalyellre@un.org,Male,5815388811,China,Meilong,4 Jenna Park
988,Dodi,Jermey,djermeyrf@com.com,Female,6786103159,China,Xiagong,742 Crowley Junction
989,Elsey,De Carolis,edecarolisrg@icq.com,Female,1753817925,Cuba,Aguada de Pasajeros,81019 Lotheville Pass
990,Berte,Purvis,bpurvisrh@addtoany.com,Female,3523990563,Indonesia,Sukaraja,447 Hanover Point
991,Cathrine,Hurry,churryri@cornell.edu,Female,4622406418,China,Shuangxing,3630 Maple Wood Junction
992,Elinore,Braddick,ebraddickrj@springer.com,Agender,4109402901,Cuba,Nueva Gerona,81 Manufacturers Drive
993,Perry,Halfhyde,phalfhyderk@ehow.com,Male,5052211595,Portugal,Azueira,39955 Norway Maple Hill
994,Bev,Pearcy,bpearcyrl@tamu.edu,Female,3356374990,Czech Republic,Višňova,55048 Ilene Pass
995,Daveen,Lemmanbie,dlemmanbierm@admin.ch,Genderfluid,8015886253,United States,Salt Lake City,95642 Delladonna Avenue
996,Webb,Trunks,wtrunksrn@4shared.com,Genderfluid,3641372317,China,Langxi,37763 Lyons Court
997,Dalton,de Clerc,ddeclercro@tumblr.com,Male,8618425622,Argentina,Macachín,67044 Sullivan Parkway
998,Noella,Monkley,nmonkleyrp@youtube.com,Female,9827579345,Brazil,São Raimundo Nonato,016 Del Sol Avenue
999,Glenda,Northen,gnorthenrq@exblog.jp,Female,1103453173,South Africa,Vredendal,07419 Calypso Court
1000,Wini,Sutcliffe,wsutclifferr@a8.net,Female,3136094655,Kyrgyzstan,Kara-Balta,7608 Forest Run Alley
